"Symbol","Company Name","ISIN","Duration (Years)","Total Invested","Std Value","Std XIRR (%)","Mid Value","Mid XIRR (%)","Weekly Value","Weekly XIRR (%)","SMA Value","SMA XIRR (%)","Monthly Low Value","Monthly Low XIRR (%)","10% Dip Value","10% Dip XIRR (%)","God Value","God XIRR (%)"
"3MINDIA","3M INDIA LIMITED","INE470A01017",23.55,2830000,51167951.29,20.44,50285029.83,20.37,51224872.29,20.34,44303079.53,19.50,54940606.86,20.94,48236874.09,20.05,67222048.52,22.21
"AAVAS","AAVAS FINANCIERS LIMITED","INE216P01012",7.77,940000,891454.50,-1.36,878017.61,-1.77,904214.66,-1.61,846027.03,-2.71,967107.21,0.73,884906.70,-1.55,1602591.07,13.45
"ABB","ABB INDIA LIMITED","INE117A01022",23.47,2830000,44957486.85,19.60,44276247.99,19.54,43600469.61,19.38,37085289.20,18.34,48518993.39,20.13,42230333.19,19.19,63392450.13,21.83
"ABCAPITAL","ADITYA BIRLA CAPITAL LTD.","INE674K01013",8.87,1070000,3459838.97,25.44,3450970.63,25.57,3552135.77,25.57,3535347.61,25.91,3823165.37,27.80,3490912.41,25.64,6515141.24,39.10
"ACC","ACC LIMITED","INE012A01025",23.47,2830000,4792657.62,4.22,4764706.68,4.19,4788446.39,4.07,4423561.11,3.61,5171224.15,4.81,4737001.98,4.13,7588099.92,7.61
"ADANIENSOL","ADANI ENERGY SOLUTION LTD","INE931S01010",10.96,1330000,14285728.61,39.81,14162775.47,39.86,13906628.63,39.54,12468262.70,37.54,15957790.46,41.86,13621086.71,39.01,18292059.63,43.96
"ADANIGREEN","ADANI GREEN ENERGY LTD","INE364U01010",8.07,980000,8236195.19,51.40,8038303.49,51.16,7929892.50,50.54,6692925.94,46.23,9443947.81,55.19,7880259.80,50.29,11220762.14,59.26
"ADANIPORTS","ADANI PORT & SEZ LTD","INE742F01042",18.64,2250000,17170642.03,18.94,17142868.54,18.98,17504411.07,19.04,17455179.04,19.08,19188691.48,19.95,17163446.23,18.93,26826262.02,22.78
"ADANIPOWER","ADANI POWER LTD","INE814H01029",16.91,2040000,36772675.09,29.41,36964520.20,29.55,37906000.70,29.64,37811632.46,29.68,41721410.65,30.74,36792091.46,29.42,117843808.42,40.85
"ADVENZYMES","ADVANCED ENZYME TECH LTD","INE837H01020",9.95,1200000,1482822.63,4.19,1484214.06,4.23,1524863.97,4.22,1472973.26,4.05,1625831.75,6.02,1479458.14,4.14,2834317.44,16.53
"AEGISLOG","AEGIS LOGISTICS LIMITED","INE208C01025",23.47,2830000,538007080.65,35.86,523156198.52,35.74,511689402.88,35.60,387239340.88,33.67,604935459.00,36.70,536016779.89,35.83,850673674.37,38.93
"AIAENG","AIA ENGINEERING LIMITED","INE212H01026",20.59,2480000,23238306.12,18.62,23016528.49,18.59,23578551.56,18.60,20868663.21,17.79,26046113.65,19.54,22977259.68,18.53,38466437.03,22.48
"AJANTPHARM","AJANTA PHARMA LIMITED","INE031B01049",23.48,2830000,583230362.94,36.39,576874968.73,36.39,579607084.37,36.43,528243512.28,35.73,657512748.67,37.27,581610908.63,36.37,922909882.69,39.48
"ALKEM","ALKEM LABORATORIES LTD.","INE540L01014",10.56,1280000,2749085.06,13.77,2734210.16,13.75,2780189.46,13.75,2672705.07,13.27,2917309.24,14.89,2764979.21,13.87,3192211.24,16.37
"AMBUJACEM","AMBUJA CEMENTS LTD","INE079A01024",23.47,2830000,9881831.71,9.48,9840554.60,9.47,9855037.54,9.36,9106421.28,8.90,10717108.91,10.06,9595011.00,9.27,15817419.34,12.70
"APLAPOLLO","APL APOLLO TUBES LTD","INE702C01027",14.59,1760000,52210051.82,40.72,51571951.72,40.72,52754357.83,40.76,49306140.00,40.04,56958884.96,41.89,51244055.39,40.50,65671609.41,43.46
"APLLTD","ALEMBIC PHARMA LTD","INE901L01018",14.82,1790000,5566696.11,14.04,5443496.19,13.84,5500784.53,13.74,4799272.65,12.30,6063550.29,15.10,5561058.35,14.03,7151956.88,16.96
"APOLLOHOSP","APOLLO HOSPITALS ENTER. L","INE437A01024",23.47,2830000,66173692.34,22.11,65251079.00,22.07,65590296.63,22.05,57131866.75,21.16,70991033.14,22.61,66433209.53,22.14,79153852.11,23.28
"APOLLOTYRE","APOLLO TYRES LTD","INE438A01022",23.47,2830000,20665231.26,14.49,20356837.03,14.42,20586604.08,14.41,19501009.43,14.10,22799598.27,15.17,20577956.32,14.46,41609745.65,19.09
"ARE&M","AMARA RAJA ENERGY MOB LTD","INE885A01032",23.47,2830000,83216478.85,23.60,81845099.74,23.54,80839965.83,23.42,70031682.75,22.48,91731418.65,24.28,82668173.18,23.56,118694005.99,25.91
"ASHOKA","ASHOKA BUILDCON LTD","INE442H01029",15.76,1900000,2977243.29,5.45,2956212.42,5.39,3040883.02,5.45,2949826.15,5.34,3285038.19,6.63,2982678.71,5.47,6563132.76,14.32
"ASIANPAINT","ASIAN PAINTS LIMITED","INE021A01026",23.47,2830000,52053719.98,20.55,51502431.81,20.53,51542911.08,20.47,47383484.75,19.94,55245113.14,20.98,48716249.15,20.12,61741637.53,21.66
"ASTERDM","ASTER DM HEALTHCARE LTD.","INE914M01019",8.38,1020000,3949615.57,30.96,3924615.49,31.04,3994655.94,31.25,4034494.05,31.45,4280512.75,33.00,3916804.91,30.77,5807947.01,39.83
"ASTRAL","ASTRAL LIMITED","INE006I01046",19.33,2330000,143444060.26,35.50,141210795.96,35.46,142962763.75,35.42,121993942.49,34.14,165270327.88,36.77,138716516.78,35.22,345047736.76,42.94
"ASTRAZEN","ASTRAZENECA PHARMA IND LT","INE203A01020",23.47,2830000,36400110.70,18.22,36077944.86,18.20,35976958.12,18.11,29878465.18,16.92,39309045.90,18.76,32590112.99,17.49,48034180.78,20.03
"ATUL","ATUL LTD","INE100A01010",23.47,2830000,106965215.83,25.23,106085771.10,25.23,105769041.71,25.18,93459365.58,24.36,120950420.95,26.09,106194043.86,25.19,205268601.40,29.49
"AUBANK","AU SMALL FINANCE BANK LTD","INE949L01017",9.01,1090000,2479822.61,17.57,2436392.83,17.32,2509408.49,17.43,2468473.02,17.47,2699127.71,19.47,2498404.25,17.72,3935346.37,27.23
"AUROPHARMA","AUROBINDO PHARMA LTD","INE406A01037",23.47,2830000,54665341.96,20.87,54012389.65,20.84,54107788.47,20.79,47662300.82,19.98,61510635.15,21.68,53898960.89,20.78,162749997.28,27.97
"AVANTIFEED","AVANTI FEEDS LIMITED","INE871C01038",11.25,1360000,3598202.69,16.29,3519888.86,16.02,3624666.63,16.12,3542593.55,16.04,3963773.96,17.94,3537874.74,16.02,5215642.85,22.25
"AXISBANK","AXIS BANK LIMITED","INE238A01034",23.55,2830000,35568210.46,18.07,34793051.78,17.96,35522356.10,17.95,27432080.27,16.36,38744724.36,18.66,35381009.97,18.03,48089813.87,20.04
"BAJAJ-AUTO","BAJAJ AUTO LIMITED","INE917I01010",18.14,2190000,14484277.46,18.22,14323397.48,18.18,14451125.70,18.11,13600957.23,17.66,16037968.48,19.18,14180902.90,18.03,20925411.19,21.51
"BAJAJCON","BAJAJ CONSUMER CARE LTD","INE933K01021",15.91,1920000,5803399.83,12.72,5813361.55,12.79,5943372.98,12.79,5662786.42,12.46,6288923.33,13.64,5766779.81,12.66,11859987.04,20.32
"BAJAJELEC","BAJAJ ELECT.LTD","INE193E01025",18.71,2250000,4869990.55,7.68,4811963.49,7.59,4928917.43,7.57,4714299.04,7.37,5457385.20,8.77,4725076.33,7.39,9004477.77,13.28
"BAJAJFINSV","BAJAJ FINSERV LTD.","INE918I01026",18.14,2190000,40674132.47,27.41,40505939.95,27.45,41070756.74,27.47,44060947.84,28.12,45992245.65,28.58,40678862.55,27.41,61792338.39,31.14
"BAJAJHLDNG","BAJAJ HOLDINGS & INVS LTD","INE118A01012",23.47,2830000,33637579.26,17.70,33564547.88,17.73,33780180.21,17.70,29481487.53,16.84,36677379.36,18.31,32502194.11,17.48,64339506.60,21.93
"BAJFINANCE","BAJAJ FINANCE LIMITED","INE296A01032",23.47,2830000,847875697.40,38.91,846096306.97,38.98,825644476.66,38.83,698201876.30,37.60,916042830.97,39.45,846218970.49,38.90,1842610568.77,44.22
"BALKRISIND","BALKRISHNA IND. LTD","INE787D01026",20.47,2470000,43835259.20,23.61,43998684.10,23.70,44728160.78,23.71,43048039.43,23.47,50137276.25,24.70,43676563.59,23.58,107958311.68,30.53
"BALMLAWRIE","BALMER LAWRIE & CO LTD","INE164A01016",23.47,2830000,11542197.21,10.55,11494732.33,10.55,11409090.59,10.39,10287835.66,9.76,12638349.59,11.20,11596423.39,10.58,18196368.87,13.64
"BALRAMCHIN","BALRAMPUR CHINI MILLS LTD","INE119A01028",23.47,2830000,23462164.45,15.33,23098822.84,15.26,23204572.08,15.21,19683247.15,14.16,26127826.66,16.07,23214337.93,15.26,41522731.63,19.08
"BANDHANBNK","BANDHAN BANK LIMITED","INE545U01014",8.30,1010000,833987.70,-4.61,835605.31,-4.60,852947.18,-4.53,847878.87,-4.21,922796.91,-2.18,836905.42,-4.52,1994519.96,15.84
"BANKBARODA","BANK OF BARODA","INE028A01039",23.47,2830000,8817766.56,8.68,8746080.82,8.64,8809315.93,8.57,8174706.83,8.14,9795228.58,9.44,8812404.31,8.67,22093080.13,14.93
"BANKINDIA","BANK OF INDIA","INE084A01016",23.47,2830000,3818710.79,2.46,3825702.79,2.48,3871552.36,2.41,3772159.83,2.36,4258223.79,3.32,3808601.87,2.44,19282720.15,14.03
"BASF","BASF INDIA LTD","INE373A01013",23.47,2830000,22317150.68,15.00,22044797.89,14.95,22264806.69,14.93,20594352.36,14.46,24183851.45,15.57,22407040.00,15.03,30434652.16,17.05
"BATAINDIA","BATA INDIA LTD","INE176A01028",23.47,2830000,16506862.30,12.98,16207072.30,12.89,16160960.38,12.77,13351244.42,11.55,18330076.20,13.71,16485971.95,12.98,24795240.74,15.70
"BBTC","BOMBAY BURMAH TRADING COR","INE050A01025",23.47,2830000,64560206.05,21.95,63114275.49,21.85,62718014.03,21.76,50543724.40,20.36,72582656.03,22.75,64997906.10,22.00,104918836.08,25.11
"BDL","BHARAT DYNAMICS LIMITED","INE171Z01026",8.31,1010000,4886414.88,36.48,4890855.51,36.76,4943052.85,36.79,5132758.70,37.63,5354949.55,38.94,4925654.72,36.67,7931507.73,47.92
"BEL","BHARAT ELECTRONICS LTD","INE263A01024",23.47,2830000,77445749.74,23.13,76720752.57,23.12,76018400.84,23.02,66840529.72,22.18,84434705.89,23.74,77447505.72,23.13,128566154.34,26.43
"BEML","BEML LIMITED","INE258A01024",23.47,2830000,20639368.31,14.48,20479460.59,14.46,20313371.41,14.32,16581573.60,13.02,23104153.26,15.26,20545006.02,14.45,73692274.18,22.81
"BERGEPAINT","BERGER PAINTS (I) LTD","INE463A01038",23.47,2830000,75113418.16,22.94,73395060.98,22.83,73005314.27,22.75,55382276.74,20.96,81163715.75,23.48,73328103.04,22.78,97764269.14,24.65
"BHARATFORG","BHARAT FORGE LTD","INE465A01025",23.47,2830000,35333396.22,18.02,34705532.30,17.95,34826893.89,17.90,29788033.01,16.90,38691217.84,18.65,33921880.75,17.76,82140231.34,23.52
"BHARTIARTL","BHARTI AIRTEL LIMITED","INE397D01024",23.55,2830000,28091357.02,16.52,28053540.80,16.55,28506096.36,16.50,19717308.96,14.17,30544330.47,17.10,27685952.47,16.42,36125725.67,18.17
"BHEL","BHEL","INE257A01026",23.47,2830000,14511723.75,12.11,14498542.30,12.14,14526313.57,12.05,12950973.33,11.34,16038071.06,12.82,14060177.86,11.90,83125506.81,23.59
"BIOCON","BIOCON LIMITED.","INE376G01013",22.28,2680000,15605333.01,13.75,15513944.33,13.74,15881311.76,13.78,15298365.88,13.61,17134262.67,14.45,15437055.63,13.67,31278369.85,18.65
"BIRLACORPN","BIRLA CORPORATION LTD","INE340A01012",23.47,2830000,13189479.48,11.47,12911702.38,11.35,12693397.98,11.12,9090324.49,8.89,14691843.97,12.22,13054966.93,11.40,23280841.20,15.28
"BLISSGVS","BLISS GVS PHARMA LTD","INE416D01022",15.98,1930000,14599568.85,22.32,14504802.01,22.33,14873542.86,22.41,14801552.75,22.46,16261871.89,23.52,14615321.75,22.33,23382960.04,27.21
"BLUEDART","BLUE DART EXPRESS LTD","INE233B01017",23.47,2830000,20712993.74,14.50,20279258.80,14.39,20021310.21,14.22,15548989.33,12.58,22378689.38,15.05,20283275.08,14.36,27470879.37,16.37
"BLUESTARCO","BLUE STAR LIMITED","INE472A01039",23.47,2830000,63038077.31,21.80,62124150.65,21.75,61279355.12,21.61,47147650.39,19.91,67653438.29,22.29,56474894.80,21.08,82730391.86,23.56
"BOMDYEING","BOMBAY DYEING & MFG. CO L","INE032A01023",23.47,2830000,5732003.63,5.57,5643655.18,5.47,5659565.70,5.34,4975273.88,4.51,6493694.61,6.50,5553936.42,5.33,13981493.22,11.86
"BOSCHLTD","BOSCH LIMITED","INE323A01026",23.55,2830000,27290965.37,16.33,26958618.51,16.28,27522135.74,16.27,19459861.90,14.09,28814552.93,16.72,22778495.25,15.13,34395207.58,17.85
"BPCL","BHARAT PETROLEUM CORP  LT","INE029A01011",23.48,2830000,20884917.83,14.56,20902331.67,14.59,20796504.76,14.47,19046967.24,13.94,24403922.86,15.62,20853686.50,14.55,51151183.56,20.43
"BRIGADE","BRIGADE ENTER. LTD","INE791I01019",18.55,2240000,17445685.49,19.21,17285357.67,19.18,17724120.75,19.29,18053143.52,19.50,19745327.47,20.34,17397303.66,19.18,33107710.71,24.75
"BRITANNIA","BRITANNIA INDUSTRIES LTD","INE216A01030",23.47,2830000,62096419.10,21.70,61510696.74,21.68,62020552.08,21.68,60636450.93,21.54,66090678.85,22.14,60615291.41,21.54,76092241.60,23.02
"BSE","BSE LIMITED","INE118H01025",9.44,1140000,35083786.46,70.31,34724563.90,70.51,35832927.14,70.65,33210291.33,69.09,37824094.69,72.47,34606273.87,70.00,71761547.52,86.67
"CANBK","CANARA BANK","INE476A01022",23.55,2830000,7782922.07,7.79,7751099.82,7.78,7926148.12,7.77,7339999.07,7.37,8660923.81,8.57,7727392.66,7.74,33730955.46,17.72
"CANFINHOME","CAN FIN HOMES LTD","INE477A01020",23.47,2830000,123692230.50,26.18,122247898.83,26.16,123303928.86,26.18,117097503.14,25.82,133073255.14,26.70,121847932.50,26.08,168942049.11,28.21
"CAPLIPOINT","CAPLIN POINT LAB LTD.","INE475E01026",12.06,1460000,10567934.27,29.88,10352881.51,29.72,10149015.72,29.27,9237877.86,27.91,11747592.99,31.57,9730022.83,28.67,16980311.87,36.86
"CARBORUNIV","CARBORUNDUM UNIVERSAL LTD","INE120A01034",23.47,2830000,48080984.23,20.04,46279950.82,19.83,46162675.42,19.75,33384967.28,17.65,52161184.24,20.60,44499942.52,19.53,62638681.69,21.76
"CARERATING","CARE RATINGS LIMITED","INE752H01013",13.55,1640000,3351383.97,9.93,3334826.16,9.90,3419170.20,10.00,3325277.82,9.82,3648480.25,11.10,3313171.91,9.77,10151475.88,24.22
"CASTROLIND","CASTROL INDIA LIMITED","INE172A01027",18.92,2280000,3820169.40,5.17,3834347.47,5.22,3901878.31,5.16,3694723.35,4.85,4117932.39,5.90,3629494.55,4.67,6239957.53,9.72
"CCAVENUE","AVENUESAI LIMITED","INE483S01020",10.28,1240000,1254833.61,0.23,1232236.65,-0.12,1278490.97,0.09,1250811.75,0.17,1420453.25,2.63,1225257.87,-0.23,2687714.84,14.41
"CCL","CCL PRODUCTS (I) LTD","INE421D01022",22.16,2670000,83723368.38,25.63,82380416.09,25.57,81696181.52,25.49,75723944.32,24.93,93213248.75,26.43,77386573.98,25.08,227251253.99,32.64
"CDSL","CENTRAL DEPO SER (I) LTD","INE736A01011",9.04,1100000,5989752.62,35.52,5885407.30,35.38,5965753.48,35.55,5614017.23,34.16,6397617.46,37.12,5772667.18,34.75,8494335.14,42.89
"CEATLTD","CEAT LIMITED","INE482A01020",23.47,2830000,77400285.87,23.13,76157801.16,23.07,76124823.94,23.02,69265984.94,22.41,85979878.42,23.86,76723551.33,23.07,151359918.95,27.49
"CEMPRO","CEMINDIA PROJECTS LIMITED","INE686A01026",23.55,2830000,130800095.15,26.54,131062404.43,26.61,133146820.78,26.57,123216519.66,26.15,147174793.08,27.37,131101661.55,26.56,410944029.86,34.06
"CENTURYPLY","CENTURY PLYBOARDS (I) LTD","INE348B01021",20.32,2450000,26045410.43,19.85,26222161.28,19.95,26565746.09,19.91,23690454.57,19.11,29331833.17,20.82,26011405.47,19.84,51732871.98,25.17
"CERA","CERA SANITARYWARE LTD","INE739E01017",18.71,2250000,49530586.07,28.05,48447150.23,27.94,43981211.91,27.35,46274265.34,27.47,55887548.10,29.15,49200652.21,27.99,73296893.77,31.43
"CESC","CESC LTD","INE486A01021",23.47,2830000,20439026.60,14.41,20040758.98,14.32,19565860.17,14.07,14058911.69,11.90,22820663.41,15.18,19980396.71,14.26,29823065.32,16.91
"CGPOWER","CG POWER AND IND SOL LTD","INE067A01029",23.47,2830000,131977556.88,26.60,129703859.99,26.54,126404592.52,26.34,94019922.37,24.39,146390198.42,27.32,126933481.41,26.35,680626286.68,37.43
"CHAMBLFERT","CHAMBAL FERTILIZERS LTD","INE085A01013",23.47,2830000,21509177.88,14.75,21355758.85,14.74,21565604.50,14.72,20279157.17,14.36,23582658.01,15.40,21358354.45,14.71,31941560.15,17.36
"CHENNPETRO","CHENNAI PETROLEUM CORP LT","INE178A01016",23.47,2830000,21167424.26,14.65,21047097.84,14.64,21179195.75,14.60,19551214.36,14.12,23480602.14,15.37,20509083.30,14.44,92937158.54,24.32
"CHOLAFIN","CHOLAMANDALAM IN & FIN CO","INE121A01024",23.47,2830000,149508853.62,27.41,145971621.38,27.31,147026086.73,27.33,129122953.28,26.46,167872342.04,28.22,140210857.01,27.00,462082917.83,34.84
"CHOLAHLDNG","CHOLAMANDALAM FIN HOL LTD","INE149A01033",8.80,1070000,2602488.37,19.36,2580135.76,19.31,2637388.36,19.48,2609565.18,19.42,2828202.40,21.30,2598604.22,19.32,4549063.42,31.33
"CIEINDIA","CIE AUTOMOTIVE INDIA LTD","INE536H01010",18.88,2280000,8331898.75,12.30,8299953.67,12.30,8524761.42,12.38,8274292.49,12.24,9380598.30,13.38,8357448.58,12.32,21023612.69,20.28
"CIPLA","CIPLA LTD","INE059A01026",23.47,2830000,13737435.55,11.74,13660000.89,11.73,13782128.24,11.69,12906119.29,11.32,14910993.83,12.33,13723094.20,11.74,18857192.57,13.88
"COALINDIA","COAL INDIA LTD","INE522F01014",15.70,1890000,3286342.90,6.70,3293523.47,6.75,3384755.43,6.77,3323424.28,6.83,3548758.39,7.62,3301446.91,6.75,8959321.04,17.84
"COCHINSHIP","COCHIN SHIPYARD LIMITED","INE704P01025",8.93,1080000,5690901.61,35.57,5684590.64,35.78,5834308.67,35.93,5652586.14,35.43,6128386.45,37.45,5669580.99,35.49,9057441.30,45.63
"COLPAL","COLGATE PALMOLIVE LTD.","INE259A01022",23.47,2830000,18319234.54,13.68,18204017.97,13.67,18230824.31,13.59,17893318.73,13.53,19566673.79,14.15,18193832.21,13.64,22400869.50,15.02
"CONCOR","CONTAINER CORP OF IND LTD","INE111A01025",23.47,2830000,9783963.61,9.41,9697958.21,9.37,9617840.14,9.19,8258571.61,8.21,10496027.89,9.92,9328879.38,9.07,13331765.80,11.54
"COROMANDEL","COROMANDEL INTERNTL. LTD","INE169A01031",23.47,2830000,94563581.10,24.43,93187180.37,24.39,92061594.68,24.27,72585631.21,22.71,104045206.97,25.10,91552114.41,24.22,118939949.45,25.92
"CREDITACC","CREDITACCESS GRAMEEN LTD","INE741K01010",7.89,960000,1931476.20,17.19,1910930.74,17.07,1938421.34,17.06,1834092.91,15.93,2159706.77,20.08,1944303.07,17.35,2904754.36,27.14
"CRISIL","CRISIL LTD","INE007A01025",23.47,2830000,44855001.42,19.58,44132056.65,19.52,43490095.90,19.36,36877510.25,18.30,47784591.36,20.03,42517384.02,19.23,55462362.61,20.96
"CROMPTON","CROMPT GREA CON ELEC LTD","INE299U01018",10.17,1230000,1196682.16,-0.54,1205514.78,-0.40,1225166.43,-0.55,1188104.43,-0.68,1288697.64,0.92,1198171.24,-0.51,1860208.63,7.89
"CUB","CITY UNION BANK LTD","INE491A01021",23.47,2830000,50845501.68,20.40,49773867.83,20.30,50016703.87,20.28,43312721.86,19.35,55195073.61,20.97,48058031.65,20.03,65111888.76,22.01
"CUMMINSIND","CUMMINS INDIA LTD","INE298A01020",23.47,2830000,58580177.60,21.32,58042323.27,21.30,58063373.61,21.25,52131176.29,20.56,63718714.47,21.91,57845532.44,21.24,95538463.40,24.50
"CYIENT","CYIENT LIMITED","INE136B01020",23.47,2830000,20926185.81,14.57,20877203.61,14.59,20690080.33,14.44,18031815.91,13.58,23460630.24,15.36,20873576.72,14.55,39159248.02,18.70
"DABUR","DABUR INDIA LTD","INE016A01026",23.48,2830000,20675873.42,14.49,20483845.16,14.46,20345110.56,14.33,17331753.84,13.31,22438075.90,15.06,20302261.04,14.37,26091316.99,16.03
"DBCORP","D.B.CORP LTD","INE950I01011",16.53,1990000,2162133.63,0.99,2156873.96,0.97,2219382.58,1.00,2181022.69,1.10,2345912.43,1.96,2161930.33,0.99,7507087.04,14.54
"DBL","DILIP BUILDCON LIMITED","INE917M01012",9.93,1200000,1334975.86,2.12,1324697.27,1.98,1362165.17,2.08,1276212.83,1.23,1492471.62,4.34,1320534.60,1.91,3122037.53,18.34
"DCAL","DISHMAN CARBO AMCIS LTD","INE385W01011",8.81,1070000,1273144.29,3.87,1246026.98,3.42,1286537.60,3.73,1296916.51,4.28,1460988.30,6.95,1281003.85,4.01,3060190.24,22.82
"DCBBANK","DCB BANK LIMITED","INE503A01015",19.72,2380000,6228009.42,8.90,6182304.46,8.87,6330226.05,8.89,6100310.93,8.72,6994608.09,9.93,6245859.83,8.93,12820139.12,14.97
"DCMSHRIRAM","DCM SHRIRAM LIMITED","INE499A01024",23.47,2830000,47613082.75,19.97,46360067.99,19.84,45851370.25,19.71,34578634.55,17.88,51774360.61,20.55,44445584.72,19.52,77262625.00,23.12
"DEEPAKFERT","DEEPAK FERTILIZERS & PETR","INE501A01019",23.47,2830000,39326418.01,18.72,39060872.83,18.72,39166045.80,18.67,34388059.62,17.85,43442253.64,19.41,38038547.78,18.51,88480204.75,24.00
"DEEPAKNTR","DEEPAK NITRITE LTD","INE288B01029",15.80,1910000,46522817.75,34.89,46501553.40,35.00,47009205.35,35.03,44013597.66,34.31,50177839.27,35.81,44611463.48,34.45,58070597.42,37.25
"DIVISLAB","DIVI S LABORATORIES LTD","INE361B01024",23.35,2810000,93330752.79,24.59,91256373.74,24.49,90776193.11,24.36,67777782.03,22.49,102797159.01,25.27,80875245.78,23.65,118778392.32,26.17
"DIXON","DIXON TECHNO (INDIA) LTD","INE935N01020",8.82,1070000,10037880.80,48.65,10032677.26,48.95,10122072.66,48.89,8826754.11,45.79,11052217.37,51.13,9757309.08,48.02,16020240.81,59.26
"DLF","DLF LIMITED","INE271C01023",19.04,2290000,6594355.87,10.13,6576912.65,10.14,6768501.26,10.15,6741945.78,10.33,7461010.04,11.26,6572544.86,10.10,17792051.08,18.73
"DMART","AVENUE SUPERMARTS LIMITED","INE192R01011",9.32,1130000,2026823.89,12.10,2001530.95,11.92,2026101.10,11.78,1898485.83,10.77,2163863.47,13.51,1984475.06,11.67,2373076.66,15.28
"DRREDDY","DR. REDDY S LABORATORIES","INE089A01031",16.53,1990000,4379920.65,8.91,4372443.30,8.92,4502679.29,8.93,4299993.07,8.71,4643995.80,9.56,4447081.94,9.07,5961153.27,12.16
"ECLERX","ECLERX SERVICES LTD","INE738I01010",18.55,2240000,25195557.79,22.39,25117702.31,22.42,25227451.27,22.37,30150941.81,23.94,28685252.40,23.58,25237502.00,22.40,55419131.54,29.20
"EDELWEISS","EDELWEISS FIN SERV LTD","INE532F01054",18.60,2240000,6907145.72,10.99,6914817.55,11.04,7083480.66,11.05,7138552.22,11.29,7786598.07,12.12,6887138.83,10.97,14362469.98,17.51
"EICHERMOT","EICHER MOTORS LTD","INE066A01021",23.47,2830000,297633650.03,31.93,296421305.92,31.96,293331276.62,31.89,254228563.48,30.89,330898772.12,32.68,291932715.23,31.80,543340410.37,35.92
"EIDPARRY","EID PARRY INDIA LTD","INE126A01031",23.47,2830000,25047494.20,15.76,24480019.06,15.65,24187590.68,15.48,19453033.10,14.08,27251501.12,16.35,22969466.95,15.19,37700901.09,18.45
"EIHOTEL","EIH LIMITED","INE230A01023",23.47,2830000,11435306.09,10.49,11336926.14,10.45,11492547.69,10.44,10519163.29,9.91,12328461.80,11.03,11150932.92,10.31,21663833.25,14.80
"ELGIEQUIP","ELGI EQUIPMENTS LTD","INE285A01027",23.47,2830000,56054872.79,21.03,55292567.43,20.99,55759742.83,20.99,49312929.72,20.20,61847396.13,21.71,55074649.85,20.92,101548855.56,24.90
"EMAMILTD","EMAMI LIMITED","INE548C01032",19.96,2400000,7499924.50,10.33,7497476.72,10.36,7667768.59,10.32,7480631.66,10.31,8352019.73,11.27,7409766.15,10.23,12552468.75,14.60
"ENDURANCE","ENDURANCE TECHNO. LTD.","INE913H01037",9.74,1180000,2450123.92,14.37,2454612.27,14.50,2497926.97,14.45,2315385.20,13.29,2655012.60,16.01,2382718.42,13.84,3826121.38,22.87
"ENGINERSIN","ENGINEERS INDIA LTD","INE510A01028",23.47,2830000,9644474.50,9.31,9587816.98,9.29,9734968.74,9.28,9093364.14,8.89,10656336.42,10.02,9557011.23,9.24,19722375.73,14.18
"EPL","EPL LIMITED","INE255A01020",23.47,2830000,19131580.53,13.97,19056307.49,13.98,19346399.01,13.99,18056497.40,13.59,21464233.66,14.78,19298064.05,14.03,58176333.54,21.28
"ERIS","ERIS LIFESCIENCES LIMITED","INE406M01024",9.04,1100000,2210284.18,14.82,2207508.85,14.89,2256621.89,15.06,2202207.53,14.74,2397171.05,16.62,2208100.67,14.79,3350016.58,23.44
"ESCORTS","ESCORTS KUBOTA LIMITED","INE042A01014",23.47,2830000,61542618.15,21.64,60775602.81,21.60,61793120.44,21.66,57270030.38,21.17,69125793.57,22.44,61631295.83,21.65,137661719.27,26.88
"EXIDEIND","EXIDE INDUSTRIES LTD","INE302A01020",23.47,2830000,24710809.10,15.67,24310858.41,15.60,23846318.11,15.39,19591335.31,14.13,26698766.62,16.22,24305692.46,15.56,31421232.29,17.26
"FDC","FDC LIMITED","INE258B01022",23.47,2830000,15579147.67,12.59,15508632.95,12.59,15653549.61,12.56,13935968.04,11.84,16972712.13,13.20,15477998.58,12.55,24827547.88,15.70
"FEDERALBNK","FEDERAL BANK LTD","INE171A01029",26.54,3190000,57294248.27,17.90,56733099.01,17.88,58947486.93,17.86,59115307.62,18.07,64276458.77,18.58,57327254.71,17.90,88459500.08,20.35
"FINCABLES","FINOLEX CABLES LTD","INE235A01022",23.47,2830000,39471433.40,18.75,38979000.98,18.71,39301297.49,18.69,35338771.28,18.03,43544076.57,19.43,39093644.29,18.69,86737407.72,23.87
"FINEORG","FINE ORGANIC IND. LTD.","INE686Y01026",8.04,970000,1816647.20,15.27,1790299.22,15.04,1845781.44,15.11,1670924.82,13.26,1942165.21,17.00,1794730.37,14.98,2210139.16,19.98
"FINPIPE","FINOLEX INDUSTRIES LTD","INE183A01024",23.47,2830000,20529578.83,14.44,20416961.58,14.44,20606010.21,14.41,18724297.49,13.83,22739803.14,15.15,20237598.16,14.35,44918772.59,19.59
"FORTIS","FORTIS HEALTHCARE LTD","INE061F01013",19.19,2310000,15192203.34,17.15,15173197.79,17.19,15625753.52,17.21,14856619.50,16.96,16597619.32,17.95,15229357.24,17.17,22002354.19,20.26
"FSL","FIRSTSOURCE SOLU. LTD.","INE684F01012",19.40,2340000,18796676.42,18.57,18732321.04,18.59,19311294.49,18.69,18783754.94,18.56,21548017.50,19.75,18750789.26,18.55,53952439.73,27.22
"GAIL","GAIL (INDIA) LTD","INE129A01019",23.47,2830000,11717351.67,10.66,11731174.91,10.69,11463923.84,10.42,9132879.65,8.92,13021516.35,11.40,11511259.32,10.53,20082871.03,14.30
"GALAXYSURF","GALAXY SURFACTANTS LTD","INE600K01018",8.43,1020000,1039250.03,0.44,1042583.74,0.52,1059851.76,0.39,1060554.23,0.92,1117544.01,2.16,1031745.04,0.27,1739012.26,12.33
"GAYAPROJ","GAYATRI PROJECTS LTD","INE336H01023",14.90,1800000,2173615.29,2.47,2151020.39,2.35,1827495.63,0.96,2216668.93,2.73,2479135.05,4.17,2137526.76,2.26,11298974.63,22.00
"GESHIP","THE GE SHPG.LTD","INE017A01032",23.47,2830000,17382320.76,13.33,17263373.33,13.32,17254001.33,13.22,14767156.95,12.23,19010232.21,13.96,16655093.78,13.04,30987843.70,17.16
"GFLLIMITED","GFL LIMITED","INE538A01037",23.47,2830000,5981393.29,5.88,5791716.08,5.66,5742952.83,5.45,4597089.40,3.90,6594494.12,6.61,5737645.85,5.57,17631692.86,13.43
"GHCL","GHCL LIMITED","INE539A01019",23.47,2830000,18085254.22,13.60,17932326.13,13.57,18101678.15,13.54,16845070.82,13.12,19782055.83,14.22,17901013.86,13.53,36682425.77,18.27
"GICRE","GENERAL INS CORP OF INDIA","INE481Y01014",8.72,1060000,1786968.90,11.59,1797348.14,11.81,1841630.38,11.97,1790040.75,11.63,1967002.89,13.81,1777019.59,11.47,3245589.06,24.54
"GILLETTE","GILLETTE INDIA LTD","INE322A01010",23.55,2830000,14169217.19,11.95,14043799.42,11.92,14397824.89,11.93,13226880.64,11.48,15215461.52,12.46,14038404.68,11.89,19831078.76,14.21
"GLAXO","GLAXOSMITHKLINE PHARMA LT","INE159A01016",23.47,2830000,8648550.48,8.54,8598904.25,8.52,8673386.01,8.46,7797499.81,7.80,9207320.34,9.00,8074054.84,8.05,11679418.07,10.63
"GLENMARK","GLENMARK PHARMACEUTICALS","INE935A01035",23.48,2830000,41007497.07,18.99,40458600.42,18.95,39522913.08,18.73,25055611.31,15.76,44610449.07,19.58,40377865.30,18.89,69132723.05,22.39
"GMDCLTD","GUJARAT MINERAL DEV CORP","INE131A01031",23.47,2830000,27611818.55,16.41,27247385.07,16.35,27134443.60,16.25,22465881.70,15.04,30494087.24,17.09,27123622.47,16.29,68973794.44,22.38
"GMRAIRPORT","GMR AIRPORTS LIMITED","INE776C01039",19.91,2400000,10229017.79,12.92,10257321.75,12.98,10507153.10,13.00,10123966.01,12.84,11517599.94,13.94,10199755.27,12.90,25211977.20,20.21
"GODFRYPHLP","GODFREY PHILLIPS INDIA LT","INE260B01028",23.47,2830000,51784515.22,20.52,51226512.02,20.49,51506155.08,20.47,47880165.94,20.01,55808979.95,21.04,51014870.85,20.42,74268152.63,22.86
"GODREJAGRO","GODREJ AGROVET LIMITED","INE850D01014",8.75,1060000,1102841.01,0.90,1104950.27,0.95,1126644.42,0.91,1120029.54,1.25,1180682.42,2.45,1110440.27,1.05,1734083.94,10.94
"GODREJCP","GODREJ CONSUMER PRODUCTS","INE102D01028",23.55,2830000,41915363.63,19.14,41531960.66,19.12,42349879.78,19.10,34805359.24,17.92,45206760.49,19.67,36451736.64,18.23,51913816.38,20.53
"GODREJIND","GODREJ INDUSTRIES LTD","INE233A01035",23.55,2830000,73581934.24,22.80,72191545.04,22.72,73385792.36,22.68,47993636.73,20.02,82371392.28,23.58,71127545.65,22.58,101489612.00,24.89
"GODREJPROP","GODREJ PROPERTIES LTD","INE484J01027",16.53,1990000,9159441.65,16.57,9170577.41,16.64,9404224.91,16.60,9057297.64,16.45,9885433.10,17.40,9196043.89,16.61,14427968.04,21.15
"GPPL","GUJARAT PIPAVAV PORT LTD","INE517F01014",15.85,1910000,3122967.07,5.92,3111703.38,5.90,3200776.79,5.94,3007396.17,5.48,3383372.23,6.87,3077904.68,5.75,6057168.33,13.32
"GRANULES","GRANULES INDIA LIMITED","INE101D01020",21.08,2540000,119291847.28,30.11,118568839.97,30.14,121595468.96,30.19,115571249.77,29.87,133554202.38,31.03,118438812.35,30.06,271553167.21,36.29
"GRAPHITE","GRAPHITE INDIA LTD","INE371A01025",23.47,2830000,29437334.95,16.83,28758230.58,16.71,28575574.81,16.59,22527253.06,15.06,32264807.30,17.46,26772782.58,16.20,48223832.04,20.05
"GRASIM","GRASIM INDUSTRIES LTD","INE047A01021",23.47,2830000,20583796.51,14.46,20354271.93,14.42,20379001.46,14.34,18284850.42,13.67,22159590.22,14.98,19343233.87,14.05,37408196.89,18.40
"GREAVESCOT","GREAVES COTTON LTD.","INE224A01026",21.85,2630000,9683988.64,10.63,9673557.36,10.65,9880836.62,10.61,8825539.49,9.93,10824765.89,11.49,9331604.73,10.35,25890490.68,17.82
"GRINDWELL","GRINDWELL NORTON LIMITED","INE536A01023",19.85,2390000,28366271.72,21.28,28337534.37,21.33,28986465.17,21.32,27215944.12,20.95,30791592.23,21.99,28440091.49,21.30,40537071.88,24.13
"GSFC","GUJ STATE FERT & CHEM LTD","INE026A01025",23.47,2830000,12702086.65,11.21,12569896.67,11.16,12479015.61,11.01,10192609.34,9.69,14169760.37,11.98,12655116.03,11.18,25956368.49,16.00
"GUJALKALI","GUJARAT ALKALIES & CHEM","INE186A01019",23.47,2830000,12421786.70,11.06,12270775.18,11.00,12224055.59,10.86,10464596.96,9.87,13787916.76,11.79,12285179.95,10.98,20745073.97,14.51
"GUJENERGY","GUJARAT ENERGY LIMITED","INE844O01030",23.47,2750000,18819283.63,13.99,18700231.26,13.98,18741520.40,13.91,16713030.93,13.20,20410279.54,14.55,18802865.25,13.98,26803857.34,16.32
"GULFOILLUB","GULF OIL LUB. IND. LTD.","INE635Q01029",11.96,1450000,2366633.37,7.84,2347102.60,7.75,2376533.49,7.70,2286416.89,7.30,2536445.37,8.96,2335057.84,7.63,4185947.12,16.51
"GVPIL","GE POWER INDIA LIMITED","INE878A01011",23.47,2830000,7998589.10,7.99,7892948.32,7.91,7903333.51,7.79,7350549.99,7.38,8914056.44,8.77,7980355.26,7.97,38219352.08,18.54
"GVT&D","GE VERNOVA T&D INDIA LTD","INE200A01026",18.05,2180000,43887283.84,28.28,43527565.63,28.28,44751429.07,28.47,42739603.61,28.04,49022277.10,29.36,43815451.36,28.26,186193298.05,41.37
"HAL","HINDUSTAN AERONAUTICS LTD","INE066F01020",8.30,1010000,6337792.69,42.59,6221589.49,42.44,6375236.60,42.95,6229761.15,42.18,6808087.20,44.62,6340897.42,42.60,8977192.37,50.90
"HATSUN","HATSUN AGRO PRODUCT LTD.","INE473B01035",12.07,1460000,2993146.42,11.27,2963055.69,11.17,2996435.01,11.06,2749750.14,9.98,3167538.54,12.18,2794171.86,10.22,3883846.24,15.17
"HAVELLS","HAVELLS INDIA LIMITED","INE176B01034",23.55,2830000,172447759.90,28.34,167610085.58,28.22,170101613.91,28.17,114482153.53,25.67,186330887.92,28.90,164834419.86,28.05,232660158.85,30.30
"HCLTECH","HCL TECHNOLOGIES LTD","INE860A01027",23.47,2830000,31528440.99,17.28,31437916.89,17.30,31530885.71,17.24,27613070.57,16.41,35078974.56,18.01,31552333.41,17.28,62701464.64,21.76
"HDFCAMC","HDFC AMC LIMITED","INE127D01025",7.94,960000,2011944.36,18.18,1996396.02,18.14,2057584.23,18.29,1885381.30,16.60,2157101.01,20.04,1984358.64,17.84,2870510.02,26.84
"HDFCBANK","HDFC BANK LTD","INE040A01034",23.55,2830000,29084071.83,16.75,28761083.56,16.71,29352628.34,16.69,26302967.79,16.08,31447420.15,17.29,27893656.02,16.47,35859205.50,18.12
"HDFCLIFE","HDFC LIFE INS CO LTD","INE795G01014",8.66,1050000,1069122.69,0.41,1068117.53,0.39,1085520.10,0.28,1072601.24,0.49,1136445.05,1.82,1080670.37,0.66,1471903.30,7.62
"HEG","HEG LTD","INE545A01024",23.47,2830000,38128484.01,18.52,37416848.17,18.44,37622996.71,18.41,31661960.54,17.31,41967078.22,19.19,37839722.74,18.47,65331294.21,22.03
"HEIDELBERG","HEIDELBERGCEMENT (I) LTD","INE578A01017",23.55,2830000,10950477.75,10.19,10794435.63,10.11,10964106.20,10.06,9940256.57,9.52,12448305.03,11.10,10938351.39,10.18,20905307.26,14.56
"HERITGFOOD","HERITAGE FOODS LTD","INE978A01027",23.47,2830000,31697622.26,17.31,31236349.27,17.25,31432849.58,17.22,28150247.59,16.53,35230219.64,18.04,30981747.13,17.16,62502343.81,21.74
"HEROMOTOCO","HERO MOTOCORP LIMITED","INE158A01026",23.47,2830000,13953133.82,11.85,13910346.31,11.85,13902338.33,11.75,11807353.14,10.71,15575722.27,12.62,14022450.61,11.88,20233460.42,14.35
"HFCL","HFCL LIMITED","INE548A01028",23.47,2830000,34129679.48,17.80,33856873.80,17.78,34679428.77,17.87,34638978.49,17.89,38650289.23,18.66,34081592.50,17.79,79814734.72,23.33
"HINDALCO","HINDALCO  INDUSTRIES  LTD","INE038A01020",23.47,2830000,18247708.59,13.66,18089686.96,13.63,18394387.42,13.65,17178755.06,13.25,20278724.77,14.39,17970112.40,13.55,49088448.43,20.17
"HINDCOPPER","HINDUSTAN COPPER LTD","INE531E01026",16.52,1990000,11352127.82,18.74,11315140.66,18.77,11638443.83,18.78,11434599.60,18.81,12675850.06,19.93,11352068.18,18.74,50733501.51,33.73
"HINDPETRO","HINDUSTAN PETROLEUM CORP","INE094A01015",23.47,2830000,19292190.51,14.03,19337138.91,14.08,19683135.83,14.11,18603356.95,13.79,21947596.32,14.92,19310197.42,14.04,59605620.27,21.43
"HINDUNILVR","HINDUSTAN UNILEVER LTD.","INE030A01027",23.47,2830000,14500068.56,12.11,14514567.59,12.14,14710358.40,12.13,14421974.26,12.07,15579215.52,12.62,14369487.49,12.05,18503804.30,13.75
"HINDZINC","HINDUSTAN ZINC LIMITED","INE267A01025",23.55,2400000,18035184.50,17.28,18709380.79,17.61,19396536.48,17.70,19661513.29,17.95,19902520.55,18.09,18446942.38,17.46,27501814.34,20.55
"HONAUT","HONEYWELL AUTOMATION IND","INE671A01010",23.55,2830000,59735983.79,21.45,59404482.59,21.46,60284155.84,21.40,57710756.73,21.22,65592196.45,22.10,58765631.15,21.34,84060403.22,23.67
"HSCL","HIMADRI SPECIALITY CHEM L","INE019C01026",19.38,2330000,40083760.67,24.94,39674127.56,24.92,40835457.97,24.91,37754480.62,24.44,45682810.60,26.09,40140894.56,24.95,97916541.29,32.31
"HUDCO","HSG & URBAN DEV CORPN LTD","INE031A01017",9.16,1110000,4089177.44,27.10,4091052.54,27.28,4181542.45,27.38,4000876.43,26.65,4490070.91,29.22,4063741.52,26.97,7718479.97,40.23
"IBULLSLTD","INDIABULLS LIMITED","INE126M01010",14.91,1800000,3094080.87,6.90,3077995.82,6.87,3079745.76,6.74,3152274.99,7.13,3640163.31,8.92,3106313.54,6.95,11422504.55,22.13
"ICICIBANK","ICICI BANK LTD.","INE090A01021",23.55,2830000,25680854.68,15.93,25502903.30,15.92,26052480.14,15.90,22797458.57,15.14,28148056.63,16.57,25258156.45,15.82,42545803.70,19.24
"ICICIGI","ICICI LOMBARD GIC LIMITED","INE765G01017",8.80,1070000,1535766.48,7.99,1525959.64,7.91,1546160.59,7.87,1511987.77,7.65,1632277.18,9.39,1548025.21,8.16,1950304.10,13.16
"ICICIPRULI","ICICI PRU LIFE INS CO LTD","INE726G01019",9.79,1190000,1326135.26,2.17,1328078.96,2.22,1345220.81,2.11,1354424.52,2.59,1426556.86,3.65,1325877.76,2.17,2134066.41,11.45
"ICRA","ICRA LIMITED","INE725G01011",19.26,2320000,7055510.91,10.47,7065409.63,10.52,7225515.03,10.50,6758426.81,10.09,7754403.26,11.33,6944501.69,10.33,11336832.41,14.56
"IDFCFIRSTB","IDFC FIRST BANK LIMITED","INE092T01019",10.69,1290000,2028062.59,8.20,2025020.28,8.22,2084481.66,8.29,2022949.36,8.15,2233911.99,9.96,2036706.33,8.27,4382519.77,21.52
"IEX","INDIAN ENERGY EXC LTD","INE022Q01020",8.73,1060000,1410633.69,6.40,1391067.47,6.14,1416339.38,6.12,1373495.82,5.81,1515522.32,8.04,1425911.59,6.64,1998650.47,14.03
"IFBIND","IFB INDUSTRIES LTD","INE559A01017",23.47,2830000,137059737.04,26.85,133530198.45,26.73,130552796.38,26.55,118442932.75,25.90,161854626.59,27.99,136764723.49,26.83,204639039.21,29.47
"IFCI","IFCI LTD","INE039A01010",23.47,2830000,12660839.66,11.19,12616086.54,11.19,12776782.59,11.17,11986047.88,10.81,14403975.04,12.09,12662535.30,11.19,94611820.60,24.44
"IGL","INDRAPRASTHA GAS LTD","INE203G01027",22.56,2720000,14909089.42,13.11,14978608.50,13.17,15081164.04,13.14,14305304.98,12.81,16358026.00,13.79,14735192.53,13.02,20080936.09,15.19
"INDHOTEL","THE INDIAN HOTELS CO. LTD","INE053A01029",23.47,2830000,26931926.65,16.24,26685330.62,16.22,26919944.56,16.20,23972730.96,15.47,29363359.83,16.84,25764895.44,15.95,50833558.17,20.40
"INDIACEM","THE INDIA CEMENTS LIMITED","INE383A01012",23.47,2830000,11573404.88,10.57,11557814.33,10.59,11567059.94,10.48,10649842.30,10.00,12954515.51,11.37,11663174.87,10.62,23015499.74,15.20
"INDIANB","INDIAN BANK","INE562A01011",19.38,2330000,11759874.86,14.77,11685284.79,14.76,12043364.65,14.76,11294482.01,14.43,13233024.13,15.81,11756135.22,14.77,52310991.18,27.13
"INDIGO","INTERGLOBE AVIATION LTD","INE646L01027",10.68,1290000,4255308.64,21.02,4211895.12,20.96,4326491.92,21.04,4335244.13,21.34,4641186.33,22.62,4285833.97,21.14,6213610.24,27.48
"INDOCO","INDOCO REMEDIES LTD.","INE873D01024",21.51,2590000,8326644.55,9.76,8337854.31,9.80,8520374.16,9.77,7891118.25,9.34,9236489.17,10.59,8330274.15,9.76,17629974.77,15.41
"INDOSTAR","INDOSTAR CAPITAL FIN LTD","INE896L01010",8.15,990000,1130605.78,3.21,1131185.46,3.25,1156942.71,3.31,1148379.91,3.58,1258982.97,5.84,1138151.26,3.37,2454357.49,21.53
"INDUSINDBK","INDUSIND BANK LIMITED","INE095A01012",23.47,2830000,23101060.51,15.23,22794123.69,15.17,22855148.93,15.11,20032226.42,14.28,25933506.04,16.03,22489267.33,15.05,45048400.67,19.61
"INDUSTOWER","INDUS TOWERS LIMITED","INE121J01017",13.55,1640000,2596260.22,6.48,2574723.46,6.40,2635329.76,6.47,2583323.97,6.42,2836319.76,7.72,2584920.87,6.42,5610351.69,16.66
"INFY","INFOSYS LIMITED","INE009A01021",23.55,2830000,10670897.12,10.01,10785297.14,10.11,10936421.72,10.04,9973803.07,9.54,11695371.53,10.67,10651404.83,10.00,14979809.76,12.33
"INOXWIND","INOX WIND LIMITED","INE066P01011",11.27,1360000,4076920.80,18.30,4062826.38,18.34,4176181.16,18.37,3792444.81,17.14,4658764.13,20.55,4070549.01,18.28,16895533.76,41.13
"INTELLECT","INTELLECT DESIGN ARENA","INE306R01017",11.58,1400000,4470305.09,18.71,4437539.42,18.70,4507199.07,18.65,4084877.28,17.31,5070180.37,20.76,4388176.24,18.43,15202534.27,37.64
"IOC","INDIAN OIL CORP LTD","INE242A01010",23.47,2830000,9690112.21,9.34,9620651.18,9.31,9615681.19,9.19,8557674.97,8.47,10750256.18,10.09,9610186.35,9.28,16529221.23,12.99
"IPCALAB","IPCA LABORATORIES LTD","INE571A01038",23.47,2830000,57270034.20,21.17,56982235.38,21.18,56330642.77,21.06,47085317.81,19.90,62789410.24,21.82,57452365.10,21.19,83769713.89,23.64
"IRB","IRB INFRA DEV LTD.","INE821I01022",18.39,2220000,5257170.68,8.64,5207422.76,8.58,5334023.51,8.63,5234028.59,8.60,5951850.76,9.83,5263725.05,8.65,20851055.31,21.04
"IRCON","IRCON INTERNATIONAL LTD","INE962Y01021",7.79,950000,2037808.90,18.97,2030796.05,19.04,2061188.71,19.15,1991799.41,18.40,2207194.96,21.10,2022042.38,18.77,2793550.91,26.75
"ITC","ITC LTD","INE154A01025",23.55,2830000,9243053.28,9.01,9196984.73,8.99,9356287.63,8.95,8517639.51,8.43,9875078.79,9.49,8654499.92,8.54,12210554.26,10.94
"ITDC","INDIA TOUR. DEV. CO. LTD.","INE353K01014",9.54,1160000,2190319.83,12.77,2140956.81,12.40,2194172.31,12.61,2151245.58,12.42,2436639.40,14.96,2167521.94,12.56,4730940.15,27.75
"ITI","ITI LTD","INE248A01017",23.55,2830000,21519386.01,14.76,21331905.51,14.73,21827967.01,14.73,20848173.84,14.55,24344047.39,15.61,21493195.86,14.75,50853015.86,20.40
"J&KBANK","J & K BANK LTD.","INE168A01041",23.55,2830000,10714754.62,10.04,10665268.03,10.03,10887626.54,10.01,9754220.31,9.38,11914986.01,10.79,10709294.53,10.03,63617795.96,21.86
"JAICORPLTD","JAI CORP LIMITED","INE070D01027",23.55,2830000,15953567.56,12.75,15980015.98,12.79,16036858.70,12.66,11575149.06,10.57,17970244.09,13.58,15799411.37,12.69,23154192.48,15.24
"JAMNAAUTO","JAMNA AUTO IND LTD","INE039C01032",15.60,1880000,10462687.88,19.68,10381833.92,19.66,10660640.17,19.70,10187094.33,19.39,11513910.87,20.78,10365073.36,19.57,19343376.11,26.27
"JBCHEPHARM","J B CHEMICALS AND PHARMA","INE572A01036",23.55,2830000,154062697.18,27.60,152763461.56,27.61,156527754.43,27.62,143184285.26,27.13,171664046.40,28.36,153360756.51,27.57,327744953.03,32.56
"JINDALSAW","JINDAL SAW LIMITED","INE324A01032",23.55,2830000,20975007.69,14.59,20787327.70,14.56,21217765.62,14.54,18164708.06,13.63,23535492.94,15.39,20971997.86,14.58,46299526.89,19.79
"JINDALSTEL","JINDAL STEEL LIMITED","INE749A01030",23.55,2830000,39041881.52,18.68,38311323.77,18.59,38883768.33,18.54,36558021.72,18.25,43599122.00,19.43,37388388.44,18.39,77524997.30,23.14
"JKCEMENT","JK CEMENT LIMITED","INE823G01014",20.35,2450000,46069438.39,24.27,45880377.97,24.30,46786469.12,24.28,43632737.65,23.85,52111733.45,25.29,46254541.55,24.30,109698041.92,31.00
"JKLAKSHMI","JK LAKSHMI CEMENT LTD","INE786A01032",23.55,2830000,56153632.85,21.04,55955615.40,21.07,56653419.11,21.00,55819028.00,21.01,57617759.33,21.23,16815297.81,13.11,69637896.34,22.44
"JKPAPER","JK PAPER LIMITED","INE789E01012",21.09,2540000,16412305.26,15.35,16280873.51,15.33,16692216.15,15.34,16048602.81,15.18,17837863.43,16.02,16320281.95,15.30,32191177.20,20.39
"JKTYRE","JK TYRE & INDUSTRIES LTD","INE573A01042",23.55,2830000,47273721.03,19.92,46743046.98,19.89,47741869.30,19.88,45484976.97,19.67,51628159.65,20.53,36705188.65,18.27,103447034.53,25.01
"JMFINANCIL","JM FINANCIAL LIMITED","INE780C01023",23.55,2830000,424916739.87,34.28,415838221.12,34.21,427380372.91,34.25,427004724.21,34.31,425782850.53,34.32,8910010.05,8.75,432460872.01,34.40
"JSL","JINDAL STAINLESS LIMITED","INE220G01021",22.67,2730000,46182651.61,20.81,45888226.46,20.81,46728277.61,20.87,44586155.76,20.57,52331321.68,21.71,46534837.32,20.86,130243601.14,27.86
"JSWDULUX","JSW DULUX LIMITED","INE133A01011",23.48,2830000,13894150.88,11.82,13846259.42,11.82,13873954.60,11.73,13003136.95,11.37,14932160.33,12.33,13850146.94,11.80,17055454.99,13.20
"JSWENERGY","JSW ENERGY LIMITED","INE121E01018",16.53,1990000,12199485.54,19.47,12168802.96,19.51,12523238.99,19.49,11811083.19,19.14,13504972.71,20.56,12021110.61,19.32,26197954.50,27.11
"JSWSTEEL","JSW STEEL LIMITED","INE019A01038",21.32,2570000,33808241.82,20.40,33461335.33,20.38,34396658.62,20.43,33446269.19,20.32,38424037.90,21.39,33917369.67,20.43,71066025.74,25.83
"JUBLFOOD","JUBILANT FOODWORKS LTD","INE797F01020",16.44,1980000,5754889.49,11.90,5697971.40,11.84,5821566.45,11.78,5174510.33,10.78,6366287.08,13.00,5642273.26,11.70,8495082.57,15.94
"JUBLPHARMA","JUBILANT PHARMOVA LTD","INE700A01033",23.55,2830000,14070949.06,11.91,13844664.06,11.82,14212442.24,11.84,10471786.39,9.88,15354175.72,12.52,12749077.52,11.23,34626492.51,17.89
"JUSTDIAL","JUSTDIAL LTD.","INE599M01018",13.11,1580000,1613631.71,0.32,1610601.39,0.29,1650062.81,0.28,1628814.85,0.46,1791318.66,1.90,1614699.62,0.33,4031350.90,13.37
"JYOTHYLAB","JYOTHY LABS LIMITED","INE668F01031",18.58,2240000,5618240.47,9.09,5580174.10,9.06,5697385.74,9.06,6192406.77,9.99,6312546.57,10.20,5555058.20,8.99,9380520.09,13.75
"KAJARIACER","KAJARIA CERAMICS LTD","INE217B01036",23.55,2830000,131946744.45,26.60,128248556.48,26.47,131488309.58,26.49,83485610.61,23.62,144845063.61,27.26,125809665.56,26.29,172721860.40,28.35
"KANSAINER","KANSAI NEROLAC PAINTS LTD","INE531A01024",23.47,2830000,16867063.24,13.13,16534400.18,13.03,16410501.05,12.88,13475793.22,11.61,18100106.04,13.63,15469231.96,12.55,25342026.37,15.84
"KARURVYSYA","KARUR VYSYA BANK LTD","INE036D01028",23.55,2830000,29739064.84,16.89,29287594.81,16.83,30003549.60,16.84,26699847.30,16.18,32340238.99,17.48,29250636.87,16.78,65457597.65,22.04
"KEC","KEC INTL. LIMITED","INE389H01022",20.36,2450000,10490630.30,12.68,10438646.94,12.67,10685974.84,12.66,9991989.09,12.29,11978797.46,13.78,10389590.54,12.60,27540470.72,20.28
"KEI","KEI INDUSTRIES LTD.","INE878B01027",20.32,2450000,268014724.99,38.04,265863481.15,38.06,272710717.12,38.17,247602635.85,37.41,305974096.69,39.19,267821189.07,38.03,958392962.04,48.38
"KIOCL","KIOCL LIMITED","INE880L01014",9.62,1170000,4404423.10,25.96,4251690.92,25.43,2697338.83,17.86,2837398.66,17.51,4679310.06,27.28,2571533.28,15.61,7072736.67,35.10
"KIRLOSENG","KIRLOSKAR OIL ENG LTD","INE146L01010",15.56,1880000,20205324.17,26.74,20117483.54,26.78,20614089.81,26.90,19425647.72,26.32,22015730.78,27.75,20002529.71,26.63,56748942.26,37.87
"KNRCON","KNR CONSTRU LTD.","INE634I01029",18.41,2220000,13087567.67,16.94,13079182.00,16.98,13327249.52,16.99,15556342.10,18.46,15420589.08,18.44,13014694.88,16.89,30360926.41,24.32
"KOLTEPATIL","KOLTE PATIL DEV. LTD.","INE094I01018",18.59,2240000,8403412.64,12.77,8357307.13,12.75,8572390.93,12.79,8554697.24,12.93,9659091.98,14.05,8395813.14,12.76,15359013.90,18.10
"KOTAKBANK","KOTAK MAHINDRA BANK LTD","INE237A01036",23.55,2830000,57047619.65,21.15,55975179.98,21.07,57203687.30,21.06,44573056.65,19.54,62342937.67,21.76,57504662.39,21.20,73727592.04,22.81
"KPIL","KALPATARU PROJECT INT LTD","INE220B01022",23.55,2830000,77239124.87,23.12,75540748.85,23.02,76110494.20,22.92,50655430.05,20.37,86127777.33,23.87,75453623.72,22.96,109711617.99,25.40
"KPRMILL","KPR MILL LTD.","INE930H01031",18.89,2280000,111197823.17,34.40,108618314.04,34.29,111677310.94,34.46,105914107.51,33.99,127231058.37,35.65,110915472.12,34.38,236789249.51,40.95
"KRBL","KRBL LIMITED","INE001B01026",23.55,2830000,55868084.43,21.01,54394758.26,20.88,55799197.73,20.90,44849253.31,19.58,62979071.83,21.83,53975452.91,20.79,102674268.33,24.97
"KSCL","KAVERI SEED CO. LTD.","INE455I01029",18.79,2260000,12206725.71,15.85,12211889.60,15.90,12503673.23,15.88,11780625.46,15.54,13698723.40,16.90,12287445.08,15.91,18320805.42,19.36
"KTKBANK","KARNATAKA BANK LIMITED","INE614B01018",23.55,2830000,12718088.86,11.22,12496527.56,11.12,12801295.53,11.12,11840467.85,10.73,13973447.98,11.89,12660760.36,11.19,27679879.63,16.42
"LALPATHLAB","DR. LAL PATH LABS LTD.","INE600L01024",10.56,1280000,2875278.80,14.55,2854311.51,14.51,2899751.16,14.49,2807982.54,14.14,3080776.91,15.83,2889831.07,14.64,3644698.68,18.67
"LAURUSLABS","LAURUS LABS LIMITED","INE947Q01028",9.57,1160000,10222095.17,42.89,10135902.32,42.97,10343231.59,43.09,9823112.51,42.10,11090620.25,44.80,10136069.86,42.72,15691727.03,51.53
"LEMONTREE","LEMON TREE HOTELS LTD","INE970X01018",8.27,1000000,1841539.29,14.39,1823008.92,14.27,1892638.19,14.54,1874481.91,14.80,2055263.72,17.06,1852554.28,14.53,3900610.17,31.84
"LICHSGFIN","LIC HOUSING FINANCE LTD","INE115A01026",23.55,2830000,22590913.86,15.08,22053561.11,14.95,22464869.29,14.92,16984506.19,13.18,25954150.53,16.03,22521456.36,15.06,37106448.47,18.34
"LINDEINDIA","LINDE INDIA LIMITED","INE473A01011",23.47,2830000,103681172.44,25.03,102515241.98,25.01,101609674.15,24.91,90187308.17,24.12,113254415.37,25.65,102762272.83,24.97,136693691.34,26.83
"LMW","LMW LIMITED","INE269B01029",23.55,2830000,31950047.18,17.36,30916448.83,17.19,31765731.06,17.21,21160615.95,14.64,34239322.28,17.85,30041537.09,16.96,63215578.65,21.81
"LT","LARSEN & TOUBRO LTD.","INE018A01030",23.55,2830000,33007411.90,17.58,32748176.05,17.56,33396862.38,17.54,25166061.59,15.79,37463150.55,18.44,30959937.64,17.16,70377042.73,22.51
"LTF","L&T FINANCE LIMITED","INE498L01015",14.93,1800000,6929436.61,16.43,6889030.87,16.42,7069727.27,16.49,6946656.24,16.46,7542554.41,17.47,6862432.61,16.32,12754962.60,23.37
"LTM","LTM LIMITED","INE214T01019",9.98,1210000,2441878.94,13.46,2417159.96,13.35,2453489.98,13.28,2182925.89,11.36,2592831.61,14.66,2402170.20,13.15,3164546.25,18.28
"LTTS","L&T TECHNOLOGY SER. LTD.","INE010V01017",9.81,1190000,2012764.21,10.33,2016186.71,10.43,2039985.41,10.32,1919091.24,9.41,2162729.40,11.78,2047307.69,10.65,2720391.06,16.07
"LUPIN","LUPIN LIMITED","INE326A01037",23.55,2830000,37827805.96,18.47,36808645.63,18.33,37914513.96,18.37,29078530.43,16.75,41318552.07,19.08,34805688.71,17.92,48904975.13,20.14
"LUXIND","LUX INDUSTRIES LIMITED","INE150G01020",10.62,1280000,1326743.03,0.67,1319440.10,0.57,1353633.03,0.54,1288891.09,0.13,1444149.20,2.26,1286216.25,0.09,2415929.26,11.50
"M&M","MAHINDRA & MAHINDRA LTD","INE101A01026",23.55,2830000,52468186.83,20.60,51568091.08,20.53,52895585.81,20.55,39495439.57,18.75,57133528.96,21.20,51218412.67,20.45,85564405.27,23.78
"M&MFIN","M&M FIN. SERVICES LTD","INE774D01024",20.34,2450000,9671370.58,12.02,9629312.86,12.02,9858364.79,12.02,9346774.44,11.75,10673176.23,12.85,9635490.92,11.99,15919477.54,16.00
"MAHABANK","BANK OF MAHARASHTRA","INE457A01014",22.27,2680000,7709438.45,8.58,7752001.59,8.65,7895804.85,8.64,7565155.45,8.44,8504099.48,9.35,7663689.72,8.54,36206093.37,19.67
"MAHLOG","MAHINDRA LOGISTIC LIMITED","INE766P01016",8.68,1050000,967205.20,-1.89,960290.68,-2.07,985203.45,-2.02,972808.38,-1.76,1052733.54,0.06,963387.36,-1.98,1943934.44,13.77
"MAHSCOOTER","MAHARASHTRA SCOOTERS LTD","INE288A01013",23.55,2830000,99239838.51,24.74,98921912.56,24.78,100249339.16,24.72,82614523.18,23.55,109909199.61,25.46,96908261.92,24.59,262209416.61,31.09
"MAHSEAMLES","MAHARASHTRA SEAMLESS LTD","INE271B01025",23.55,2830000,12553921.10,11.13,12428169.32,11.08,12722869.14,11.08,11442573.02,10.49,13729824.56,11.76,12501890.63,11.10,24692024.94,15.67
"MANAPPURAM","MANAPPURAM FINANCE LTD","INE522D01027",16.05,1940000,11124914.37,19.32,11155722.90,19.42,11359273.20,19.43,10643073.99,18.86,12614549.76,20.70,11003739.48,19.21,24841665.73,27.62
"MARICO","MARICO LIMITED","INE196A01026",23.55,2830000,71936527.59,22.65,70648008.04,22.58,72084314.53,22.57,60247569.11,21.50,77303570.25,23.17,71380626.31,22.60,82591953.82,23.55
"MARUTI","MARUTI SUZUKI INDIA LTD.","INE585B01010",23.03,2770000,27254746.34,16.85,27034397.68,16.83,27430591.20,16.80,25950790.39,16.51,29809138.03,17.48,26531837.58,16.66,39409378.56,19.32
"MASFIN","MAS FINANCIAL SERV LTD","INE348L01012",8.74,1060000,1446079.62,6.95,1429435.84,6.74,1469247.37,6.90,1471155.97,7.33,1569878.15,8.82,1427982.37,6.67,2103865.07,15.15
"MFSL","MAX FINANCIAL SERV LTD","INE180A01020",23.55,2830000,43524869.09,19.39,42815550.92,19.32,43770373.11,19.31,34142853.05,17.80,48095933.68,20.08,43563550.98,19.39,59804328.81,21.45
"MGL","MAHANAGAR GAS LTD.","INE002S01010",10.04,1210000,1360532.38,2.31,1356519.61,2.27,1398060.27,2.33,1353625.89,2.21,1463716.48,3.76,1335485.93,1.95,1985060.67,9.57
"MHRIL","MAHINDRA HOLIDAYS LTD","INE998I01010",17.00,2050000,2758487.98,3.38,2753161.54,3.37,2822300.35,3.38,2750498.03,3.34,2978889.35,4.24,2758717.12,3.38,6289432.27,12.02
"MINDACORP","MINDA CORPORATION LTD","INE842C01021",14.33,1730000,8922900.53,20.65,8822106.33,20.60,9023705.78,20.64,7584048.29,18.71,9718943.80,21.74,7706825.98,18.90,19697087.44,30.06
"MMTC","MMTC LIMITED","INE123F01029",16.52,1990000,2983240.69,4.70,2970611.40,4.67,3054328.06,4.69,3018892.43,4.84,3332637.79,5.96,2983665.77,4.70,12881283.68,20.01
"MOIL","MOIL LIMITED","INE490G01020",15.59,1880000,3230896.70,6.60,3218623.46,6.58,3308595.96,6.63,3234020.48,6.61,3474095.34,7.48,3236432.01,6.62,6135054.79,13.86
"MOTHERSON","SAMVRDHNA MTHRSN INTL LTD","INE775A01035",23.55,2830000,85187861.49,23.75,81860305.06,23.54,82665185.40,23.46,58957577.81,21.36,92412572.11,24.32,82099415.68,23.51,117201095.48,25.83
"MOTILALOFS","MOTILAL OSWAL FIN LTD","INE338I01027",18.85,2270000,37849492.68,25.41,37656062.80,25.44,38656094.60,25.47,36751353.26,25.16,42838231.21,26.54,37378794.70,25.30,72959514.71,31.00
"MPHASIS","MPHASIS LIMITED","INE356A01018",23.55,2830000,18893663.35,13.89,18781462.27,13.88,19224784.41,13.88,17398468.36,13.34,20973374.85,14.62,18681354.07,13.81,28272797.67,16.56
"MRF","MRF LTD","INE883A01011",23.55,2830000,57851487.20,21.24,56619006.51,21.14,57902827.84,21.14,51789894.22,20.52,62671066.27,21.80,57350938.48,21.18,95764104.24,24.51
"MRPL","MRPL","INE103A01014",23.55,2830000,8773093.97,8.64,8687001.34,8.59,8904624.40,8.60,7823784.26,7.83,9704108.90,9.37,8534314.82,8.45,30896222.93,17.14
"MUTHOOTFIN","MUTHOOT FINANCE LIMITED","INE414G01012",15.20,1830000,16503742.74,25.62,16311501.16,25.58,16898276.50,25.68,16688774.93,25.74,18253267.39,26.83,16562904.79,25.66,25972188.70,30.64
"NAM-INDIA","NIPPON L I A M LTD","INE298J01013",8.69,1050000,3875646.69,28.89,3866317.59,29.04,3972102.47,29.05,3734601.67,28.08,4247116.58,31.11,3845098.64,28.72,5979494.96,38.48
"NATCOPHARM","NATCO PHARMA LTD.","INE987B01026",23.55,2830000,60032162.02,21.48,58783233.24,21.39,60174507.82,21.39,49256729.46,20.19,67801344.45,22.31,60105869.61,21.49,135328652.51,26.76
"NATIONALUM","NATIONAL ALUMINIUM CO LTD","INE139A01034",23.55,2830000,17543530.47,13.39,17489691.53,13.40,17909856.23,13.40,16408114.81,12.94,19432520.08,14.11,17580806.22,13.41,42323638.38,19.20
"NAUKRI","INFO EDGE (I) LTD","INE663F01032",19.65,2370000,27911869.38,21.41,27681327.51,21.40,28214601.24,21.41,26093378.63,20.87,30705682.98,22.23,27814079.20,21.39,40740086.05,24.46
"NAVINFLUOR","NAVIN FLUORINE INT. LTD","INE048G01026",19.13,2300000,149505033.01,36.50,149268473.79,36.58,152965587.82,36.52,142261828.19,36.07,167039394.79,37.54,147547491.03,36.38,333299466.90,43.41
"NBCC","NBCC (INDIA) LIMITED","INE095N01031",14.26,1720000,8934245.31,20.87,8775927.24,20.73,8965798.12,20.72,7546800.15,18.84,9833173.00,22.09,8696644.01,20.54,17935910.65,29.21
"NCC","NCC LIMITED","INE868B01028",23.55,2830000,14888483.18,12.29,14337420.50,12.06,14976803.45,12.20,8525357.69,8.44,16143979.90,12.86,10598088.96,9.96,39460866.40,18.75
"NESCO","NESCO LTD.","INE317F01035",18.27,2200000,11088586.76,15.69,10906843.10,15.59,11262435.08,15.67,11546685.81,16.06,12385707.14,16.74,10898727.50,15.54,15460681.65,18.67
"NFL","NATIONAL FERT. LTD","INE870D01012",19.55,2360000,3746465.29,4.49,3727240.79,4.45,3811593.43,4.47,3609943.00,4.14,4190694.47,5.54,3742893.79,4.48,13536968.49,15.63
"NH","NARAYANA HRUDAYALAYA LTD.","INE410P01011",10.52,1270000,5929813.86,27.42,5923953.40,27.56,6097810.54,27.62,5762682.13,26.93,6378622.49,28.86,5912805.10,27.37,8380689.66,33.45
"NHPC","NHPC LTD","INE848E01016",16.87,2030000,5813326.65,11.44,5805828.90,11.47,5975236.60,11.48,5774178.10,11.37,6202120.52,12.15,5817210.17,11.45,9643046.88,16.53
"NIACL","THE NEW INDIA ASSU CO LTD","INE470Y01017",8.67,1050000,1257845.03,4.10,1263839.36,4.24,1288989.17,4.20,1254506.12,4.04,1376839.24,6.18,1244847.99,3.87,2285706.29,17.33
"NILKAMAL","NILKAMAL LIMITED","INE310A01015",23.55,2830000,20131480.43,14.31,19860401.35,14.25,20149613.10,14.19,16572451.41,13.01,22335672.64,15.04,19889323.38,14.23,41822365.72,19.12
"NLCINDIA","NLC INDIA LIMITED","INE589A01014",23.55,2830000,11134065.17,10.30,11093021.36,10.30,11337981.51,10.29,10622487.13,9.98,12244860.08,10.98,11032136.85,10.24,33370327.62,17.65
"NMDC","NMDC LTD.","INE584A01023",18.37,2210000,9192091.45,13.89,9175426.74,13.91,9469527.42,13.98,9503864.38,14.19,10234972.93,14.91,9173746.38,13.87,31076129.82,24.69
"NTPC","NTPC LTD","INE733E01010",21.70,2610000,7065759.40,8.35,7049413.73,8.36,7253800.18,8.36,6852291.19,8.11,7557048.58,8.90,7041301.86,8.33,15218031.60,14.15
"OBEROIRLTY","OBEROI REALTY LIMITED","INE093I01010",15.74,1900000,9131763.24,17.88,9176662.58,18.00,9375514.81,18.02,9214139.44,17.98,9972385.32,18.89,9215338.40,17.98,13352926.18,21.93
"OFSS","ORACLE FIN SERV SOFT LTD.","INE881D01027",23.55,2830000,31537663.35,17.28,32024518.18,17.42,32193652.85,17.30,26644025.45,16.17,40075052.74,18.89,31391174.96,17.25,119755418.24,25.97
"OIL","OIL INDIA LTD","INE274J01014",16.79,2030000,5877446.20,11.56,5859001.15,11.56,6009222.63,11.64,5715759.31,11.27,6321040.56,12.34,5809526.34,11.44,20514756.31,23.94
"ONGC","OIL AND NATURAL GAS CORP.","INE213A01029",23.55,2830000,5281120.77,4.96,5258907.47,4.94,5365486.76,4.90,4950110.41,4.47,5732153.55,5.58,5211806.02,4.86,21299322.67,14.69
"ORIENTCEM","ORIENT CEMENT LTD.","INE876N01018",13.01,1570000,1926430.79,3.08,1912806.05,2.99,1953814.69,2.98,1773804.59,1.85,2146373.98,4.69,1919228.66,3.02,4938282.15,16.32
"ORIENTELEC","ORIENT ELECTRIC LIMITED","INE142Z01019",8.17,990000,830748.12,-4.30,833730.29,-4.25,849011.14,-4.34,826187.53,-4.44,907852.65,-2.13,836128.14,-4.14,1389122.76,8.12
"PAGEIND","PAGE INDUSTRIES LTD","INE761H01022",19.34,2330000,45450565.46,25.97,44523628.18,25.87,45239386.77,25.83,39325366.09,24.78,50320856.73,26.87,42049401.00,25.33,62807570.78,28.64
"PARAGMILK","PARAG MILK FOODS LTD.","INE883N01014",10.16,1230000,1728664.32,6.51,1703923.12,6.28,1759166.68,6.47,1749936.10,6.74,1922404.35,8.56,1734094.60,6.57,4382882.41,23.54
"PCJEWELLER","PC JEWELLER LTD","INE785M01021",13.55,1640000,3317957.62,9.79,3269935.39,9.64,3372997.93,9.83,3198232.47,9.30,3847485.43,11.80,3312943.52,9.77,17061345.69,30.81
"PERSISTENT","PERSISTENT SYSTEMS LTD","INE262H01021",16.28,1960000,37176010.35,31.30,37060345.77,31.37,38251040.92,31.36,35473634.78,30.82,39941229.99,32.15,36563051.46,31.13,53402223.66,35.01
"PFC","POWER FIN CORP LTD.","INE134E01011",19.40,2340000,10378036.11,13.61,10308444.61,13.59,10566611.91,13.63,9790041.18,13.12,11477283.91,14.50,10314179.81,13.56,18619464.88,18.49
"PFIZER","PFIZER LTD","INE182A01018",23.55,2830000,13369808.19,11.56,13323406.54,11.56,13602352.86,11.54,12442410.74,11.07,14389584.31,12.09,13339212.59,11.54,19123847.63,13.97
"PGHH","P&G HYGIENE & HEALTH CARE","INE179A01014",23.55,2830000,17869922.96,13.52,17684853.77,13.48,17982043.86,13.43,17224216.89,13.27,18686178.55,13.84,14586324.98,12.15,20996080.31,14.59
"PGHL","PROCTER & GAMBLE HEALTH L","INE199A01012",23.55,2830000,26178263.09,16.05,25982234.65,16.04,26672198.95,16.06,24549698.12,15.63,27955216.55,16.52,25693231.13,15.93,40077002.21,18.84
"PHOENIXLTD","THE PHOENIX MILLS LTD","INE211B01039",19.24,2320000,29434115.28,22.54,29158764.37,22.52,29969175.82,22.60,29285938.46,22.50,33574505.96,23.69,29492009.91,22.56,55337744.18,27.76
"PIDILITIND","PIDILITE INDUSTRIES LTD","INE318A01026",23.55,2830000,108921413.11,25.35,106843794.83,25.28,108956144.61,25.26,92237933.18,24.27,116492461.01,25.83,105290357.53,25.13,132841216.68,26.64
"PIIND","PI INDUSTRIES LTD","INE603J01030",15.09,1820000,10813789.03,21.12,10666486.24,21.04,10788327.31,20.95,10199185.43,20.47,11631763.12,22.01,10536898.06,20.83,12608084.41,22.84
"PNBHOUSING","PNB HOUSING FIN LTD.","INE572E01012",9.68,1170000,2540935.40,15.37,2529092.65,15.38,2608324.93,15.46,2470285.47,14.83,2831824.82,17.59,2546302.78,15.41,6623659.01,33.82
"PNCINFRA","PNC INFRATECH LTD.","INE195J01029",11.14,1350000,1852355.55,5.51,1840458.01,5.43,1867234.97,5.34,1811413.66,5.13,2032211.68,7.13,1868950.67,5.66,3496215.75,16.07
"POONAWALLA","POONAWALLA FINCORP LTD","INE511C01022",22.22,2680000,28354761.01,17.97,27443526.77,17.78,26819596.89,17.56,22825448.99,16.45,31734501.33,18.80,28072070.57,17.90,126779640.35,28.39
"POWERGRID","POWER GRID CORP. LTD.","INE752E01010",18.78,2260000,7649337.06,11.73,7640055.74,11.75,7829656.88,11.74,7634892.34,11.71,8234212.81,12.43,7701119.47,11.79,11112866.49,15.03
"PRAJIND","PRAJ INDUSTRIES LTD","INE074A01025",23.55,2830000,32162380.10,17.41,31883268.63,17.39,32250438.82,17.31,23761545.82,15.41,36357629.26,18.25,31471455.85,17.26,51551922.77,20.49
"PRESTIGE","PRESTIGE ESTATE LTD","INE811K01011",15.72,1900000,13652816.26,22.16,13690983.59,22.27,13956558.48,22.32,13397776.83,21.96,15253618.49,23.42,13739483.41,22.23,22761964.47,27.57
"PRSMJOHNSN","PRISM JOHNSON LIMITED","INE010A01011",23.55,2830000,8692927.63,8.58,8615793.95,8.53,8759853.35,8.48,7757175.73,7.77,9786656.46,9.43,8486501.40,8.41,17440984.11,13.35
"PTC","PTC INDIA LIMITED","INE877F01012",22.28,2680000,6024595.92,6.70,6015235.58,6.71,6152167.20,6.72,5855585.87,6.48,6655422.09,7.49,6026201.18,6.70,18538104.43,14.97
"PVRINOX","PVR INOX LIMITED","INE191H01014",20.53,2470000,7348760.51,9.63,7331867.96,9.63,7536517.13,9.64,7017886.51,9.25,8230244.51,10.58,7183814.55,9.44,14779068.97,15.21
"RADICO","RADICO KHAITAN LTD","INE944F01028",23.55,2830000,155110516.47,27.65,151665890.55,27.56,155682786.02,27.59,104802006.11,25.10,167790991.46,28.21,138045980.77,26.89,212342500.21,29.71
"RAIN","RAIN INDUSTRIES LIMITED","INE855B01025",18.37,2210000,8453145.54,13.13,8419343.30,13.13,8621689.91,13.12,8994073.57,13.69,9520212.89,14.25,8427729.95,13.10,15150691.93,18.36
"RAJESHEXPO","RAJESH EXPORTS LTD","INE343B01030",23.55,2830000,8432382.72,8.36,8269934.68,8.24,8405812.41,8.19,6415372.11,6.40,9124666.85,8.94,8247273.52,8.20,13550690.10,11.65
"RALLIS","RALLIS INDIA LTD","INE613A01020",23.55,2830000,18632996.28,13.80,18419882.27,13.75,18483348.40,13.62,15550723.15,12.58,20899912.16,14.59,18713663.15,13.83,25655606.26,15.92
"RAMCOCEM","THE RAMCO CEMENTS LIMITED","INE331A01037",23.55,2830000,19456183.62,14.09,19102812.15,13.99,19536326.52,13.99,16729235.02,13.07,21078080.37,14.65,19387159.07,14.06,27490561.87,16.38
"RAYMOND","RAYMOND LTD","INE301A01014",23.55,2830000,5254219.05,4.92,5240409.76,4.91,5331150.41,4.86,4743184.20,4.14,5828946.05,5.71,5263163.83,4.93,15169468.57,12.41
"RBLBANK","RBL BANK LIMITED","INE976G01028",9.87,1200000,1932415.92,9.30,1932820.97,9.36,1974385.52,9.50,1902675.98,9.00,2160252.45,11.49,1924649.74,9.22,5573223.88,29.15
"RCF","RASHTRIYA CHEMICALS & FER","INE027A01015",23.55,2830000,6793685.30,6.81,6766277.95,6.80,6911497.06,6.78,6507447.25,6.50,7599673.62,7.64,6790742.90,6.81,21502358.14,14.75
"RECLTD","REC LIMITED","INE020B01018",18.35,2210000,8462364.42,13.14,8430279.13,13.14,8631665.76,13.16,8476371.37,13.15,9348606.67,14.09,8342929.91,13.01,13277680.86,17.19
"REDINGTON","REDINGTON LIMITED","INE891D01026",19.42,2340000,14069342.28,16.17,14033424.99,16.19,14323244.86,16.18,13049959.39,15.54,15882097.37,17.22,14095906.22,16.18,28762331.12,22.07
"RELAXO","RELAXO FOOT LTD.","INE131B01039",15.08,1820000,7158008.47,16.48,7079689.27,16.41,7171256.81,16.33,7211237.91,16.56,8039544.83,17.85,6701438.77,15.73,10424959.34,20.71
"RELIANCE","RELIANCE INDUSTRIES LTD","INE002A01018",26.54,3190000,38019082.27,15.57,38118932.58,15.61,39697776.11,15.62,37656679.27,15.52,41384000.85,16.08,36955699.01,15.41,52181723.17,17.37
"RENUKA","SHREE RENUKA SUGARS LTD","INE087H01022",20.71,2500000,2779170.65,15.00,2757379.30,15.00,2836626.42,15.00,2762227.04,15.00,3153811.22,2.18,2761995.16,15.00,20949567.73,17.61
"REPCOHOME","REPCO HOME FINANCE LTD","INE612J01015",13.29,1600000,1975831.68,3.11,1978647.40,3.15,2022503.84,3.10,1905552.93,2.58,2210485.02,4.75,1949673.16,2.92,6797856.48,19.96
"RITES","RITES LIMITED","INE320J01015",8.04,970000,1392424.02,8.85,1391933.20,8.92,1429879.08,8.92,1371177.80,8.48,1498903.45,10.72,1388356.82,8.78,1824316.68,15.37
"RKFORGE","RAMKRISHNA FORGINGS LTD","INE399G01023",22.20,2670000,48198514.86,21.78,47103919.14,21.67,47682482.84,21.64,44474839.80,21.22,55204939.44,22.77,48114077.93,21.77,154441676.19,29.91
"RPOWER","RELIANCE POWER LTD.","INE614G01033",18.43,2220000,3410602.76,4.45,3457712.07,4.60,3519832.13,4.55,3445737.25,4.55,4116732.72,6.33,3368448.52,4.33,56409357.75,29.74
"SAIL","STEEL AUTHORITY OF INDIA","INE114A01011",23.55,2830000,7420052.16,7.45,7416623.11,7.46,7515076.01,7.38,6546301.86,6.54,8217769.87,8.20,7295299.29,7.33,31494685.59,17.27
"SANOFI","SANOFI INDIA LIMITED","INE058A01010",23.55,2830000,5172694.24,4.80,5157206.08,4.79,5266405.49,4.76,4292549.61,3.37,5550634.11,5.34,4970945.16,4.50,8405851.34,8.34
"SBILIFE","SBI LIFE INSURANCE CO LTD","INE123W01016",8.78,1060000,1944896.56,13.44,1933651.52,13.41,1988681.97,13.42,1923301.52,13.20,2061741.27,14.81,1965872.07,13.67,2406196.45,18.06
"SBIN","STATE BANK OF INDIA","INE062A01020",23.55,2830000,19176583.80,13.99,19009640.01,13.96,19362020.29,13.93,17543405.70,13.39,20747430.06,14.54,19247983.65,14.01,26944041.65,16.24
"SCHAEFFLER","SCHAEFFLER INDIA LIMITED","INE513A01022",23.47,2830000,106524525.23,25.21,104254703.71,25.12,102776172.72,24.99,82727777.50,23.56,114675495.23,25.73,102637849.82,24.96,147295177.56,27.32
"SCI","SHIPPING CORP OF INDIA LT","INE109A01011",23.55,2830000,16858487.75,13.13,16825654.51,13.14,17208136.81,13.14,16343777.39,12.92,18664501.95,13.84,16884055.15,13.14,70818441.64,22.55
"SFL","SHEELA FOAM LIMITED","INE916U01025",9.60,1160000,1157156.48,-0.05,1152584.82,-0.13,1180548.62,-0.12,1109043.86,-0.93,1247493.84,1.51,1126300.07,-0.61,2703876.42,16.89
"SHARDACROP","SHARDA CROPCHEM LTD.","INE221J01015",11.81,1430000,3530736.38,14.38,3498999.97,14.31,3578918.76,14.43,3575688.53,14.57,3906556.78,16.00,3540246.94,14.42,9440188.00,29.21
"SHILPAMED","SHILPA MEDICARE LTD","INE790G01031",16.62,2000000,11848578.46,19.02,11697710.70,18.95,12100571.82,19.00,11426274.37,18.65,13055277.99,20.05,11647274.76,18.85,20611637.10,24.53
"SHK","S H KELKAR AND CO. LTD.","INE500L01026",10.66,1290000,1055729.13,-3.80,1050854.95,-3.91,1080230.50,-3.82,1042021.47,-4.05,1166747.23,-1.90,1057909.22,-3.76,2827783.71,14.01
"SHOPERSTOP","SHOPPERS STOP LIMITED","INE498B01024",21.15,2550000,3500869.65,2.88,3492353.84,2.87,3562815.89,2.83,3338472.14,2.46,3916798.98,3.87,3452420.79,2.76,12369235.00,13.11
"SHREECEM","SHREE CEMENT LIMITED","INE070A01015",23.55,2830000,97731678.71,24.64,95393054.54,24.54,97197103.78,24.52,61351291.84,21.62,109044021.41,25.40,94299602.46,24.41,134746668.58,26.73
"SIEMENS","SIEMENS LTD","INE003A01024",23.55,2830000,27879581.13,16.47,27055857.76,16.30,27775639.16,16.32,18469125.97,13.74,29958660.57,16.97,24608473.90,15.64,39119750.72,18.69
"SIS","SIS LIMITED","INE285J01028",8.93,1080000,1122355.94,0.85,1127174.91,0.96,1152936.95,0.95,1127643.11,0.96,1212919.39,2.59,1109990.68,0.61,2357139.02,16.86
"SJVN","SJVN LTD","INE002L01015",16.16,1950000,4748349.41,10.20,4741936.83,10.22,4870354.09,10.25,4796165.65,10.30,5001613.20,10.80,4789488.64,10.29,8191252.18,15.98
"SKFINDIA","SKF INDIA LTD","INE640A01023",23.55,2830000,11792020.41,10.70,11582184.85,10.60,11810360.50,10.57,9832515.67,9.44,12897093.40,11.34,11730594.19,10.66,18608043.91,13.79
"SOBHA","SOBHA LIMITED","INE671H01015",19.58,2360000,9519171.63,12.69,9461168.26,12.68,9668987.84,12.69,9223850.38,12.42,10777334.54,13.77,9527939.18,12.70,33177618.71,22.95
"SOLARINDS","SOLAR INDUSTRIES (I) LTD","INE343H01029",20.29,2440000,275096898.10,38.46,275252506.64,38.56,282994440.61,38.53,260079539.65,38.01,311252740.71,39.53,263145620.30,38.10,401807256.21,41.51
"SONATSOFTW","SONATA SOFTWARE LTD","INE269A01021",23.55,2830000,51322147.39,20.46,50732881.35,20.43,51756593.27,20.41,49640208.64,20.24,57478233.98,21.24,51284381.10,20.45,96071501.36,24.53
"SOUTHBANK","THE SOUTH INDIAN BANK LTD","INE683A01023",23.55,2830000,14125889.87,11.93,13968060.58,11.88,14271570.97,11.87,13167998.71,11.45,15534223.66,12.60,14027630.08,11.88,34083820.61,17.79
"SPARC","SUN PHARMA ADV.RES.CO.LTD","INE232I01014",19.00,2290000,4315709.88,6.25,4279012.47,6.19,4399252.89,6.24,4229232.31,6.06,4799374.88,7.27,4330751.30,6.29,9147384.01,13.02
"SRF","SRF LTD","INE647A01010",23.55,2830000,199544415.81,29.30,196895814.53,29.27,199355257.18,29.21,155272442.96,27.66,225012401.93,30.14,196483430.47,29.20,331838955.39,32.64
"STAR","STRIDES PHARMA SCI LTD","INE939A01011",23.55,2830000,20731843.64,14.51,20657904.96,14.52,21033259.25,14.48,17352245.18,13.32,23313907.82,15.32,19932680.57,14.25,58888903.81,21.35
"STARCEMENT","STAR CEMENT LIMITED","INE460H01021",9.08,1100000,1860829.70,11.22,1853270.20,11.22,1897120.12,11.28,1838484.87,10.97,2009791.24,12.93,1870986.77,11.33,2694908.80,18.93
"STLTECH","STERLITE TECHNOLOGIES LTD","INE089C01029",23.55,2830000,32268316.45,17.43,31983760.08,17.41,32543779.61,17.37,30466930.22,17.05,36896071.09,18.34,32505500.79,17.47,89080541.43,24.04
"SUDARSCHEM","SUDARSHAN CHEMICAL INDS L","INE659A01023",23.55,2830000,147515488.58,27.32,147723513.72,27.39,149231365.37,27.31,147168954.24,27.31,153102368.74,27.59,76030964.23,23.01,174667318.94,28.43
"SUNDARMFIN","SUNDARAM FINANCE LTD","INE660A01013",23.55,2830000,67522340.94,22.24,66460857.71,22.19,68252583.82,22.21,59653378.54,21.44,72968288.55,22.79,64680763.31,21.96,87301871.53,23.91
"SUNDRMFAST","SUNDRAM FASTENERS LTD","INE387A01021",23.55,2830000,35294161.15,18.02,35118340.32,18.02,35939368.79,18.02,32768687.40,17.53,40243478.91,18.91,32404292.81,17.46,104439727.61,25.08
"SUNPHARMA","SUN PHARMACEUTICAL IND L","INE044A01036",23.55,2830000,42891932.62,19.29,42170136.28,19.22,43242367.99,19.24,34119028.86,17.79,46089304.37,19.79,42043791.78,19.16,52285922.42,20.58
"SUNTECK","SUNTECK REALTY LIMITED","INE805D01034",16.67,2010000,2807151.89,3.86,2804736.50,3.87,2873986.87,3.86,2803490.59,3.85,3116170.68,5.05,2786110.29,3.78,5905918.09,11.83
"SUNTV","SUN TV NETWORK LIMITED","INE424H01027",20.23,2440000,2962377.64,1.87,2960294.04,1.87,3037710.14,1.88,2954403.82,1.84,3300557.91,2.89,2977222.88,1.92,5521877.21,7.44
"SUPRAJIT","SUPRAJIT ENGINEERING LTD","INE399C01030",21.41,2580000,45969617.07,22.52,45814392.04,22.55,46648029.95,22.53,42268773.39,21.91,52290142.83,23.51,44925144.54,22.36,105972954.24,28.60
"SUPREMEIND","SUPREME INDUSTRIES LTD","INE195A01028",23.55,2830000,124669367.81,26.23,122238359.63,26.15,124724173.58,26.14,108796264.50,25.34,137362133.47,26.91,122965855.61,26.14,193199985.77,29.09
"SUVEN","SUVEN LIFE SCIENCES LTD","INE495B01038",22.72,2740000,27340603.66,17.14,26904288.75,17.07,27502245.67,17.16,26909642.09,17.03,31230188.45,18.09,27496540.20,17.18,82262195.73,24.61
"SUZLON","SUZLON ENERGY LIMITED","INE040H01021",20.75,2500000,10791920.63,12.47,10874578.81,12.57,11084748.64,12.55,10873380.10,12.53,12656115.65,13.76,10779672.07,12.46,100783015.22,29.50
"SWANCORP","SWAN CORP LIMITED","INE665A01038",14.13,1710000,4919640.30,13.79,4902586.82,13.80,4989676.29,13.82,4990174.32,13.96,5265537.98,14.69,4927676.70,13.81,6514818.51,17.24
"SYMPHONY","SYMPHONY LIMITED","INE225D01027",15.09,1820000,2773500.03,5.36,2686710.84,4.99,2784861.15,5.15,2698202.02,5.02,3024515.34,6.44,2689022.47,4.98,4623381.20,11.46
"SYNGENE","SYNGENE INTERNATIONAL LTD","INE398R01022",10.93,1320000,1479839.33,2.06,1476499.84,2.04,1500398.76,1.92,1417640.47,1.29,1574981.87,3.20,1485521.60,2.13,2266819.32,9.52
"TATACHEM","TATA CHEMICALS LTD","INE092A01019",23.55,2830000,6612995.59,6.62,6572862.23,6.59,6712806.76,6.56,5954957.37,5.85,7183635.72,7.23,6665626.00,6.67,14348551.79,12.04
"TATACONSUM","TATA CONSUMER PRODUCT LTD","INE192A01025",23.55,2830000,29214864.73,16.78,29057494.54,16.78,29746077.77,16.78,26108891.16,16.04,31905896.79,17.39,27742716.43,16.44,41443413.18,19.07
"TATAELXSI","TATA ELXSI LIMITED","INE670A01012",23.55,2830000,64696619.55,21.96,64486714.08,21.99,65766446.20,21.97,59274132.29,21.39,72008184.04,22.70,65135066.85,22.00,124136385.46,26.20
"TATAINVEST","TATA INVESTMENT CORP LTD","INE672A01026",23.55,2830000,46850004.66,19.86,46358501.09,19.84,47417431.55,19.84,39254831.77,18.71,50428584.73,20.37,45985593.45,19.74,71466705.31,22.61
"TATAPOWER","TATA POWER CO LTD","INE245A01021",23.55,2830000,15859116.16,12.71,15726804.60,12.69,16087327.30,12.68,14173886.59,11.95,17222335.11,13.30,15250205.60,12.45,50520845.04,20.36
"TATASTEEL","TATA STEEL LIMITED","INE081A01020",23.55,2830000,12845837.81,11.28,12783109.51,11.28,13024810.84,11.24,11549234.51,10.56,14163770.03,11.98,12572988.45,11.14,26609390.33,16.16
"TCS","TATA CONSULTANCY SERV LT","INE467B01029",21.90,2640000,10799281.23,11.37,10820585.51,11.42,10968955.84,11.35,10258204.31,10.99,11694871.18,11.99,10636436.40,11.26,19001131.19,15.50
"TECHM","TECH MAHINDRA LIMITED","INE669C01036",19.89,2400000,10519307.88,13.15,10378246.87,13.08,10624452.63,13.08,10091140.03,12.81,11655284.02,14.03,10365447.89,13.03,20450530.53,18.54
"THERMAX","THERMAX LTD","INE152A01029",23.55,2830000,41174542.18,19.02,40381168.27,18.94,41275469.93,18.93,30564174.26,17.07,44680676.32,19.59,39855178.24,18.81,57753762.11,21.23
"THOMASCOOK","THOMAS COOK (INDIA) LTD","INE332A01027",23.55,2830000,5708912.40,5.54,5632888.47,5.45,5811158.98,5.50,5401142.65,5.12,6296967.56,6.28,5699711.55,5.53,18180580.08,13.63
"THYROCARE","THYROCARE TECH LTD","INE594H01019",10.18,1230000,2720701.70,14.90,2718159.52,14.98,2780526.78,14.92,2724428.30,14.93,2922742.93,16.32,2754758.50,15.13,4288273.52,23.16
"TIINDIA","TUBE INVEST OF INDIA LTD","INE974X01010",8.70,1050000,4110709.15,30.19,4042864.70,30.03,4191464.88,30.18,3736919.69,28.09,4491345.65,32.36,4124439.30,30.26,5451727.10,36.43
"TIMETECHNO","TIME TECHNOPLAST LTD.","INE508G01029",19.10,2300000,13283888.41,16.13,13237478.57,16.14,13593121.82,16.16,13041803.56,15.97,14861707.88,17.13,13320302.42,16.15,39545754.57,25.30
"TIMKEN","TIMKEN INDIA LTD.","INE325A01013",23.55,2830000,83222556.68,23.60,82126656.05,23.56,83940916.28,23.56,82506576.89,23.54,86855682.27,23.90,38600992.43,18.60,98161466.36,24.67
"TITAN","TITAN COMPANY LIMITED","INE280A01028",23.55,2830000,347735575.98,32.95,345476492.20,32.98,346596842.26,32.86,256380890.93,30.94,386654806.20,33.71,346064149.50,32.92,430761241.10,34.37
"TMPV","TATA MOTORS PASS VEH LTD","INE155A01022",26.54,3190000,12213981.77,8.92,12120856.85,8.90,12503504.95,8.91,12946179.11,9.28,13717809.98,9.64,12072262.92,8.85,32544245.18,14.68
"TNPL","TAMILNADU NEWSPRT & PAPER","INE107A01015",23.55,2830000,3482630.32,15.00,3471385.15,15.00,3545587.08,15.00,3328750.28,15.00,3791840.31,2.41,3462257.80,15.00,6223353.32,6.17
"TORNTPHARM","TORRENT PHARMACEUTICALS L","INE685A01028",23.55,2830000,157262039.90,27.74,156693133.72,27.78,159884894.99,27.76,138163073.45,26.90,173697059.87,28.45,154006388.48,27.61,213886898.33,29.75
"TORNTPOWER","TORRENT POWER LTD","INE813H01021",19.64,2370000,16803685.33,17.30,16623279.25,17.25,16907103.26,17.26,15567704.29,16.67,18695708.13,18.21,16706797.08,17.25,31204535.20,22.31
"TRENT","TRENT LTD","INE849A01020",23.55,2830000,136379523.14,26.81,135260736.69,26.81,138250898.40,26.81,118032172.49,25.87,150148603.12,27.49,135294229.14,26.76,226027495.65,30.11
"TRIDENT","TRIDENT LIMITED","INE064C01022",23.55,2830000,30669735.97,17.10,30191741.25,17.03,31126692.13,17.08,30138956.02,16.98,34583309.09,17.92,30748139.89,17.11,82361818.12,23.53
"TRITURBINE","TRIVENI TURBINE LIMITED","INE152M01016",14.72,1780000,10331567.34,21.38,10238054.39,21.35,10418159.34,21.42,9618522.69,20.55,11256523.56,22.44,10406485.51,21.46,19691043.27,28.77
"TTKPRESTIG","TTK PRESTIGE LTD","INE690A01028",23.55,2830000,196358103.35,29.19,188993014.17,29.00,193369107.31,29.01,190048417.42,28.98,222397130.65,30.06,195944963.90,29.18,252815527.82,30.85
"TVSHLTD","TVS HOLDINGS LIMITED","INE105A01035",23.55,2830000,224904287.55,30.08,224359982.78,30.13,228916857.45,30.12,197412252.47,29.23,257201984.36,31.02,218216027.66,29.88,1145741717.65,40.95
"TVSMOTOR","TVS MOTOR COMPANY  LTD","INE494B01023",23.55,2830000,160831013.52,27.89,162134893.92,28.00,164841611.90,27.96,148585376.09,27.37,183750625.87,28.81,157675521.60,27.76,545696009.30,35.95
"UBL","UNITED BREWERIES LTD","INE686F01025",17.97,2170000,5344887.24,9.23,5301852.00,9.18,5337074.65,9.07,4925432.17,8.44,5955706.27,10.29,5347650.50,9.23,7166581.67,12.01
"UFLEX","UFLEX LIMITED","INE516A01017",23.47,2830000,11646306.22,10.61,11537530.43,10.57,11537111.63,10.46,10200193.89,9.70,13101799.82,11.45,11487890.13,10.52,22256263.92,14.98
"ULTRACEMCO","ULTRATECH CEMENT LIMITED","INE481G01011",21.90,2640000,22294386.00,16.65,22004261.12,16.60,22453293.75,16.59,21058217.06,16.24,24293309.97,17.30,22108898.30,16.59,41061203.81,21.00
"UNIONBANK","UNION BANK OF INDIA","INE692A01016",23.55,2830000,5465398.41,5.21,5449320.72,5.20,5579139.33,5.20,5164562.40,4.79,6064504.18,6.00,5445508.83,5.19,29806037.97,16.91
"UNITDSPR","UNITED SPIRITS LIMITED","INE854D01024",23.55,2830000,45714573.49,19.71,44780233.24,19.61,44968452.36,19.49,36739052.90,18.28,49895585.61,20.31,45072395.14,19.61,60994758.23,21.58
"UNOMINDA","UNO MINDA LIMITED","INE405E01023",19.45,2340000,190304996.78,37.64,188079605.71,37.64,193736001.86,37.65,175114313.46,36.95,216621452.36,38.82,189115870.72,37.59,351167167.80,42.83
"UPL","UPL LIMITED","INE628A01036",22.48,2710000,11225570.85,11.16,11133915.34,11.12,11217604.08,11.08,10581257.78,10.73,13098298.06,12.29,11248054.97,11.17,19124010.10,14.94
"VARROC","VARROC ENGINEERING LTD.","INE665L01035",8.02,970000,1609283.67,12.35,1610531.69,12.47,1645682.14,12.41,1627248.34,12.62,1791839.73,15.08,1621756.89,12.54,3064832.55,27.86
"VBL","VARUN BEVERAGES LIMITED","INE200M01039",9.68,1170000,7103677.96,35.16,7022231.68,35.14,7225516.49,35.20,6351020.53,32.99,7649413.33,36.77,7170496.20,35.34,8268923.51,38.11
"VENKEYS","VENKY S (INDIA) LIMITED","INE398A01010",23.55,2830000,25263856.89,15.82,24939989.08,15.77,25479052.79,15.76,22675447.57,15.10,28336840.55,16.61,25061831.15,15.77,46662851.04,19.84
"VGUARD","V-GUARD IND LTD.","INE951I01027",18.35,2210000,29544998.79,24.24,29409478.08,24.27,29716880.30,24.20,28876450.70,24.04,32265612.53,25.08,29130309.86,24.12,37317263.53,26.29
"VINATIORGA","VINATI ORGANICS LTD","INE410B01037",16.97,2050000,23009296.89,24.69,22885113.77,24.71,22716046.10,24.50,20165244.67,23.42,24754707.68,25.46,21485118.66,24.03,28254277.16,26.67
"VIPIND","VIP INDUSTRIES LTD","INE054A01027",23.55,2830000,28238581.06,16.55,27980902.47,16.53,28267990.06,16.44,22625193.26,15.09,31760934.65,17.36,28155790.87,16.53,54986830.12,20.91
"VMART","VMART RETAIL LTD","INE665J01013",13.40,1620000,6116737.31,18.16,6062651.03,18.13,6159656.87,18.13,5193528.63,16.03,6752214.50,19.52,6133780.90,18.20,8162855.06,21.90
"VOLTAS","VOLTAS LTD","INE226A01021",23.55,2830000,58481213.90,21.31,57368316.02,21.23,58006478.06,21.15,43235405.90,19.34,64195168.45,21.95,57584321.09,21.21,86776148.01,23.87
"VSTIND","VST INDUSTRIES LTD","INE710A01016",23.55,2830000,11688321.92,10.64,11505781.25,10.55,11782451.57,10.55,10322810.45,9.78,12530635.21,11.14,11539680.68,10.55,17655080.38,13.44
"VTL","VARDHMAN TEXTILES LIMITED","INE825A01020",23.55,2830000,36807729.33,18.29,36169680.76,18.22,37072526.56,18.23,35779318.89,18.11,41419082.87,19.10,36766336.98,18.28,95765005.01,24.51
"WABAG","VA TECH WABAG LTD","INE956G01038",15.76,1900000,12134020.73,20.91,12081730.98,20.94,12400335.99,20.97,11609481.84,20.44,13410748.87,22.05,12077481.93,20.86,52159806.83,36.38
"WELCORP","WELSPUN CORP LIMITED","INE191B01025",22.62,2720000,41470555.50,20.19,41269897.37,20.20,42037583.72,20.21,40111157.67,19.96,47482684.09,21.16,41309542.33,20.16,129242571.86,27.94
"WELSPUNLIV","WELSPUN LIVING LIMITED","INE192B01031",23.55,2830000,47774857.63,19.99,47437639.07,19.99,48630085.72,20.00,45746048.58,19.71,55167531.91,20.97,45026018.38,19.61,199167850.23,29.29
"WHIRLPOOL","WHIRLPOOL OF INDIA LTD","INE716A01013",16.52,1990000,3004592.50,4.78,2977938.01,4.70,3046155.47,4.66,2776253.25,3.89,3261410.91,5.72,2952979.51,4.59,5657859.69,11.61
"WIPRO","WIPRO LTD","INE075A01022",23.55,2830000,7609021.11,7.63,7640501.97,7.68,7787126.57,7.64,7221074.67,7.25,8360697.84,8.32,7612248.10,7.63,13831295.46,11.79
"WOCKPHARMA","WOCKHARDT LIMITED","INE049B01025",23.55,2830000,16422453.59,12.95,16121976.27,12.85,16589736.80,12.89,15101135.31,12.38,18289047.37,13.70,16380736.04,12.93,58652168.00,21.33
"ZENSARTECH","ZENSAR TECHNOLOGIES  LTD","INE520A01027",23.55,2830000,44862816.18,19.58,45121183.39,19.66,45375778.73,19.55,43755424.99,19.42,50529604.57,20.40,44857048.60,19.58,92131131.49,24.26
"ZFCVINDIA","ZF COM VE CTR SYS IND LTD","INE342J01019",17.79,2140000,19762900.70,21.75,19229524.52,21.57,19716738.89,21.57,14033990.36,18.61,22632204.91,23.04,19281852.16,21.52,24626875.78,23.76
"ZYDUSLIFE","ZYDUS LIFESCIENCES LTD","INE010B01027",23.47,2830000,43117952.20,19.33,42824335.65,19.32,42479715.93,19.21,34837537.41,17.93,46392536.53,19.84,40066519.12,18.85,57324636.36,21.18
"ZYDUSWELL","ZYDUS WELLNESS LIMITED","INE768C01028",16.67,2010000,7022119.25,13.60,6960505.68,13.56,7121526.11,13.54,6787346.84,13.26,7535875.72,14.36,6964078.27,13.52,9320775.27,16.47
